datetime_drop,server,ip,limit,outSum,by_ip,totalIps,error_type_from_error
2026-04-16 14:34:01,s_cmh11_1341,135.125.140.36,230000,142935.0,23000,10,Other
2026-04-16 14:34:01,s_cmh11_1341,135.125.140.36,230000,142935.0,23000,10,Other
2026-04-16 14:34:01,s_cmh11_1341,135.125.140.51,230000,142935.0,23000,10,Other
2026-04-16 14:34:01,s_cmh11_1341,135.125.140.51,230000,142935.0,23000,10,Other
2026-04-16 15:14:01,s_cmh11_1341,135.125.140.51,240000,213833.0,24000,10,Other
2026-04-16 15:14:01,s_cmh11_1341,135.125.140.51,240000,213833.0,24000,10,Other
2026-04-16 15:54:01,s_cmh11_1341,135.125.140.51,250000,126457.0,25000,10,Other
2026-04-16 15:54:01,s_cmh11_1341,135.125.140.51,250000,126457.0,25000,10,Other
2026-04-13 18:19:01,s_cmh11_1341,135.125.140.52,90750,90832.0,8250,11,Other
2026-04-16 12:34:01,s_cmh11_1341,135.125.140.52,200000,185183.0,20000,10,Other
2026-04-16 16:34:01,s_cmh11_1341,135.125.140.52,260000,222715.0,26000,10,Server Busy
2026-04-16 16:34:01,s_cmh11_1341,135.125.140.52,260000,222715.0,26000,10,Server Busy
2026-04-16 18:34:01,s_cmh11_1341,135.125.140.52,290000,87610.0,29000,10,Other
2026-04-16 15:14:01,s_cmh11_1341,192.227.72.165,240000,213833.0,24000,10,Connection closed
2026-04-16 15:14:01,s_cmh11_1341,192.227.72.165,240000,213833.0,24000,10,Connection closed
2026-04-13 17:29:01,s_cmh11_1341,192.227.72.168,85250,85335.0,7750,11,Connection closed
2026-04-15 00:04:01,s_cmh11_1341,192.227.72.168,132500,122226.0,13250,10,Connection closed
2026-04-15 00:04:01,s_cmh11_1341,192.227.72.168,132500,122226.0,13250,10,Rate limit DKIM
2026-04-16 02:40:01,s_cmh11_1341,192.227.72.168,160000,77614.0,16000,10,Other
2026-04-16 15:14:01,s_cmh11_1341,192.227.72.168,240000,213833.0,24000,10,Connection closed
2026-04-16 15:14:01,s_cmh11_1341,192.227.72.168,240000,213833.0,24000,10,Other
2026-04-16 15:14:01,s_cmh11_1341,192.227.72.168,240000,213833.0,24000,10,Connection closed
2026-04-16 15:14:01,s_cmh11_1341,192.227.72.168,240000,213833.0,24000,10,Other
2026-04-16 14:34:01,s_cmh11_1341,217.182.198.9,230000,142935.0,23000,10,Other
2026-04-16 14:34:01,s_cmh11_1341,217.182.198.9,230000,142935.0,23000,10,Other
2026-04-16 16:34:01,s_cmh11_1341,217.182.198.9,260000,222715.0,26000,10,Server Busy
2026-04-16 16:34:01,s_cmh11_1341,217.182.198.9,260000,222715.0,26000,10,Server Busy
2026-04-16 14:34:01,s_cmh11_1341,51.254.12.38,230000,142935.0,23000,10,Other
2026-04-16 14:34:01,s_cmh11_1341,51.254.12.38,230000,142935.0,23000,10,Other
2026-04-17 22:06:01,s_cmh11_1341,51.254.12.39,285000,241064.0,28500,10,Other
2026-04-17 22:06:01,s_cmh11_1341,51.254.12.39,285000,241064.0,28500,10,Connection closed
2026-04-17 22:36:01,s_cmh11_1341,51.254.12.39,295000,265775.0,29500,10,Other
2026-04-17 22:36:01,s_cmh11_1341,51.254.12.39,295000,265775.0,29500,10,Connection closed
2026-04-17 23:06:01,s_cmh11_1341,51.254.12.39,288000,64801.0,32000,9,Connection closed
2026-04-17 23:06:01,s_cmh11_1341,51.254.12.39,288000,64801.0,32000,9,Other
2026-04-17 23:36:01,s_cmh11_1341,51.254.12.39,297000,264265.0,33000,9,Connection closed
2026-04-17 23:36:01,s_cmh11_1341,51.254.12.39,297000,264265.0,33000,9,Other
2026-04-18 00:06:01,s_cmh11_1341,51.254.12.39,306000,62987.0,34000,9,Connection closed
2026-04-18 00:06:01,s_cmh11_1341,51.254.12.39,306000,62987.0,34000,9,Other
2026-04-16 12:34:01,s_cmh11_1341,51.254.12.40,200000,185183.0,20000,10,Other
2026-04-16 14:34:01,s_cmh11_1341,51.254.12.40,230000,142935.0,23000,10,Other
2026-04-16 14:34:01,s_cmh11_1341,51.254.12.40,230000,142935.0,23000,10,Other
2026-04-16 16:34:01,s_cmh11_1341,51.254.12.40,260000,222715.0,26000,10,Server Busy
2026-04-16 16:34:01,s_cmh11_1341,51.254.12.40,260000,222715.0,26000,10,Server Busy
2026-04-16 11:14:01,s_cmh11_1341,51.254.12.41,180000,179996.0,18000,10,Other
2026-04-12 04:32:01,s_cmh15_654,194.54.185.171,94515,68703.0,6301,15,Connection closed
2026-04-12 03:42:01,s_cmh15_654,194.54.185.177,91515,68684.0,6101,15,Other
2026-04-12 04:32:01,s_cmh15_654,194.54.185.177,94515,68703.0,6301,15,Connection closed
2026-04-12 04:32:01,s_cmh15_654,194.54.185.181,94515,68703.0,6301,15,Connection closed
2026-04-12 04:32:01,s_cmh15_654,194.54.185.182,94515,68703.0,6301,15,Connection closed
2026-04-12 04:32:01,s_cmh15_654,194.54.185.184,94515,68703.0,6301,15,Connection closed
2026-04-13 22:08:00,s_cmh2_6101,107.6.171.226,69500,48149.0,13900,5,Rate limit DKIM
2026-04-13 22:08:00,s_cmh2_6101,107.6.171.226,69500,48149.0,13900,5,Connection closed
2026-04-13 22:08:00,s_cmh2_6101,107.6.171.226,69500,48149.0,13900,5,Rate limit SPF
2026-04-15 01:34:05,s_cmh2_6101,107.6.171.226,64000,48055.0,16000,4,Rate limit DKIM
2026-04-15 01:34:05,s_cmh2_6101,107.6.171.226,64000,48055.0,16000,4,Rate limit SPF
2026-04-15 01:34:05,s_cmh2_6101,107.6.171.226,64000,48055.0,16000,4,Connection closed
2026-04-15 23:20:06,s_cmh2_6101,107.6.171.226,20000,5738.0,10000,2,Rate limit SPF
2026-04-15 23:20:06,s_cmh2_6101,107.6.171.226,20000,5738.0,10000,2,Connection closed
2026-04-15 23:20:06,s_cmh2_6101,107.6.171.226,20000,5738.0,10000,2,Rate limit DKIM
2026-04-15 23:45:01,s_cmh2_6101,107.6.171.226,20000,11.0,10000,2,Connection closed
2026-04-15 23:45:01,s_cmh2_6101,107.6.171.226,20000,11.0,10000,2,Rate limit SPF
2026-04-15 23:45:01,s_cmh2_6101,107.6.171.226,20000,11.0,10000,2,Rate limit DKIM
2026-04-15 23:45:01,s_cmh2_6101,107.6.171.226,20000,11.0,10000,2,Other
2026-04-17 01:00:00,s_cmh2_6101,107.6.171.226,20500,7318.0,10250,2,Connection closed
2026-04-17 01:00:00,s_cmh2_6101,107.6.171.226,20500,7318.0,10250,2,Rate limit SPF
2026-04-17 01:00:00,s_cmh2_6101,107.6.171.226,20500,7318.0,10250,2,Rate limit DKIM
2026-04-17 01:24:01,s_cmh2_6101,107.6.171.226,21000,38.0,10500,2,Rate limit SPF
2026-04-17 01:24:01,s_cmh2_6101,107.6.171.226,21000,38.0,10500,2,Rate limit DKIM
2026-04-17 01:24:01,s_cmh2_6101,107.6.171.226,21000,38.0,10500,2,Connection closed
2026-04-17 09:56:00,s_cmh2_6101,107.6.171.226,15000,10018.0,5000,3,Connection closed
2026-04-17 09:56:00,s_cmh2_6101,107.6.171.226,15000,10018.0,5000,3,Rate limit SPF
2026-04-17 09:56:00,s_cmh2_6101,107.6.171.226,15000,10018.0,5000,3,Rate limit DKIM
2026-04-17 10:07:00,s_cmh2_6101,107.6.171.226,40000,40057.0,20000,2,Rate limit SPF
2026-04-17 10:07:00,s_cmh2_6101,107.6.171.226,40000,40057.0,20000,2,Rate limit DKIM
2026-04-14 01:03:00,s_cmh2_6101,107.6.171.227,49500,49570.0,16500,3,Other
2026-04-14 02:48:00,s_cmh2_6101,107.6.171.227,63000,47984.0,21000,3,Rate limit SPF
2026-04-14 02:48:00,s_cmh2_6101,107.6.171.227,63000,47984.0,21000,3,Connection closed
2026-04-14 03:23:00,s_cmh2_6101,107.6.171.227,66000,21816.0,22000,3,Connection closed
2026-04-14 03:23:00,s_cmh2_6101,107.6.171.227,66000,21816.0,22000,3,Rate limit SPF
2026-04-15 10:46:01,s_cmh2_6101,107.6.171.227,48000,47998.0,16000,3,Other
2026-04-15 12:46:00,s_cmh2_6101,107.6.171.227,48000,36809.0,16000,3,Rate limit SPF
2026-04-15 12:46:00,s_cmh2_6101,107.6.171.227,48000,36809.0,16000,3,Connection closed
2026-04-15 13:26:01,s_cmh2_6101,107.6.171.227,48000,9380.0,16000,3,Rate limit SPF
2026-04-15 14:06:00,s_cmh2_6101,107.6.171.227,48000,20823.0,16000,3,Connection closed
2026-04-15 14:06:00,s_cmh2_6101,107.6.171.227,48000,20823.0,16000,3,Rate limit SPF
2026-04-15 14:46:01,s_cmh2_6101,107.6.171.227,33000,11022.0,11000,3,Rate limit SPF
2026-04-15 14:46:01,s_cmh2_6101,107.6.171.227,33000,11022.0,11000,3,Connection closed
2026-04-15 15:26:00,s_cmh2_6101,107.6.171.227,33000,11018.0,11000,3,Connection closed
2026-04-15 15:26:00,s_cmh2_6101,107.6.171.227,33000,11018.0,11000,3,Rate limit SPF
2026-04-15 16:06:00,s_cmh2_6101,107.6.171.227,33000,11272.0,11000,3,Rate limit SPF
2026-04-15 16:06:00,s_cmh2_6101,107.6.171.227,33000,11272.0,11000,3,Connection closed
2026-04-15 23:39:01,s_cmh2_6101,107.6.171.227,0,205686.0,0,3,Connection closed
2026-04-16 12:24:00,s_cmh2_6101,107.6.171.227,11000,64413.0,3667,3,Connection closed
2026-04-16 12:24:00,s_cmh2_6101,107.6.171.227,11000,64413.0,3667,3,Rate limit SPF
2026-04-16 12:59:00,s_cmh2_6101,107.6.171.227,11000,58146.0,3667,3,Rate limit SPF
2026-04-16 12:59:00,s_cmh2_6101,107.6.171.227,11000,58146.0,3667,3,Connection closed
2026-04-16 13:34:00,s_cmh2_6101,107.6.171.227,11000,38877.0,3667,3,Rate limit SPF
2026-04-16 13:34:00,s_cmh2_6101,107.6.171.227,11000,38877.0,3667,3,Connection closed
2026-04-16 14:09:00,s_cmh2_6101,107.6.171.227,11000,32116.0,3667,3,Connection closed
2026-04-16 14:09:00,s_cmh2_6101,107.6.171.227,11000,32116.0,3667,3,Rate limit SPF
2026-04-16 14:44:00,s_cmh2_6101,107.6.171.227,11000,39069.0,3667,3,Connection closed
2026-04-16 14:44:00,s_cmh2_6101,107.6.171.227,11000,39069.0,3667,3,Rate limit SPF
2026-04-16 14:44:00,s_cmh2_6101,107.6.171.227,11000,39069.0,3667,3,Connection closed
2026-04-16 14:44:00,s_cmh2_6101,107.6.171.227,11000,39069.0,3667,3,Rate limit SPF
2026-04-13 23:53:00,s_cmh2_6101,107.6.171.228,46500,46497.0,15500,3,Other
2026-04-14 01:03:00,s_cmh2_6101,107.6.171.228,49500,49570.0,16500,3,Other
2026-04-14 03:23:00,s_cmh2_6101,107.6.171.228,66000,21816.0,22000,3,Rate limit SPF
2026-04-14 03:23:00,s_cmh2_6101,107.6.171.228,66000,21816.0,22000,3,Connection closed
2026-04-15 10:46:01,s_cmh2_6101,107.6.171.228,48000,47998.0,16000,3,Other
2026-04-15 14:06:00,s_cmh2_6101,107.6.171.228,48000,20823.0,16000,3,Rate limit SPF
2026-04-15 14:06:00,s_cmh2_6101,107.6.171.228,48000,20823.0,16000,3,Connection closed
2026-04-15 14:46:01,s_cmh2_6101,107.6.171.228,33000,11022.0,11000,3,Connection closed
2026-04-15 14:46:01,s_cmh2_6101,107.6.171.228,33000,11022.0,11000,3,Rate limit SPF
2026-04-15 15:26:00,s_cmh2_6101,107.6.171.228,33000,11018.0,11000,3,Rate limit SPF
2026-04-15 15:26:00,s_cmh2_6101,107.6.171.228,33000,11018.0,11000,3,Connection closed
2026-04-15 16:06:00,s_cmh2_6101,107.6.171.228,33000,11272.0,11000,3,Connection closed
2026-04-15 16:06:00,s_cmh2_6101,107.6.171.228,33000,11272.0,11000,3,Rate limit SPF
2026-04-15 23:39:01,s_cmh2_6101,107.6.171.228,0,205686.0,0,3,Connection closed
2026-04-16 12:24:00,s_cmh2_6101,107.6.171.228,11000,64413.0,3667,3,Rate limit SPF
2026-04-16 12:24:00,s_cmh2_6101,107.6.171.228,11000,64413.0,3667,3,Connection closed
2026-04-16 12:59:00,s_cmh2_6101,107.6.171.228,11000,58146.0,3667,3,Rate limit SPF
2026-04-16 12:59:00,s_cmh2_6101,107.6.171.228,11000,58146.0,3667,3,Connection closed
2026-04-16 13:34:00,s_cmh2_6101,107.6.171.228,11000,38877.0,3667,3,Rate limit SPF
2026-04-16 13:34:00,s_cmh2_6101,107.6.171.228,11000,38877.0,3667,3,Connection closed
2026-04-16 13:34:00,s_cmh2_6101,107.6.171.228,11000,38877.0,3667,3,Rate limit unsolicited
2026-04-16 14:09:00,s_cmh2_6101,107.6.171.228,11000,32116.0,3667,3,Rate limit unsolicited
2026-04-16 14:09:00,s_cmh2_6101,107.6.171.228,11000,32116.0,3667,3,Connection closed
2026-04-16 14:44:00,s_cmh2_6101,107.6.171.228,11000,39069.0,3667,3,Connection closed
2026-04-16 14:44:00,s_cmh2_6101,107.6.171.228,11000,39069.0,3667,3,Rate limit SPF
2026-04-16 14:44:00,s_cmh2_6101,107.6.171.228,11000,39069.0,3667,3,Connection closed
2026-04-16 14:44:00,s_cmh2_6101,107.6.171.228,11000,39069.0,3667,3,Rate limit SPF
2026-04-17 10:07:00,s_cmh2_6101,107.6.171.228,40000,40057.0,20000,2,Other
2026-04-13 22:08:00,s_cmh2_6101,107.6.171.229,69500,48149.0,13900,5,Rate limit SPF
2026-04-13 22:08:00,s_cmh2_6101,107.6.171.229,69500,48149.0,13900,5,Connection closed
2026-04-13 22:08:00,s_cmh2_6101,107.6.171.229,69500,48149.0,13900,5,Rate limit DKIM
2026-04-15 23:20:06,s_cmh2_6101,107.6.171.229,20000,5738.0,10000,2,Rate limit DKIM
2026-04-15 23:20:06,s_cmh2_6101,107.6.171.229,20000,5738.0,10000,2,Rate limit SPF
2026-04-15 23:20:06,s_cmh2_6101,107.6.171.229,20000,5738.0,10000,2,Connection closed
2026-04-15 23:45:01,s_cmh2_6101,107.6.171.229,20000,11.0,10000,2,Connection closed
2026-04-15 23:45:01,s_cmh2_6101,107.6.171.229,20000,11.0,10000,2,Rate limit SPF
2026-04-15 23:45:01,s_cmh2_6101,107.6.171.229,20000,11.0,10000,2,Rate limit DKIM
2026-04-15 23:45:01,s_cmh2_6101,107.6.171.229,20000,11.0,10000,2,Other
2026-04-17 01:00:00,s_cmh2_6101,107.6.171.229,20500,7318.0,10250,2,Rate limit SPF
2026-04-17 01:00:00,s_cmh2_6101,107.6.171.229,20500,7318.0,10250,2,Connection closed
2026-04-17 01:00:00,s_cmh2_6101,107.6.171.229,20500,7318.0,10250,2,Rate limit DKIM
2026-04-17 01:24:01,s_cmh2_6101,107.6.171.229,21000,38.0,10500,2,Rate limit DKIM
2026-04-17 01:24:01,s_cmh2_6101,107.6.171.229,21000,38.0,10500,2,Rate limit SPF
2026-04-17 01:24:01,s_cmh2_6101,107.6.171.229,21000,38.0,10500,2,Connection closed
2026-04-17 10:26:00,s_cmh2_6101,107.6.171.229,6000,5859.0,3000,2,Rate limit SPF
2026-04-17 10:26:00,s_cmh2_6101,107.6.171.229,6000,5859.0,3000,2,Rate limit DKIM
2026-04-13 23:53:00,s_cmh2_6101,107.6.171.230,46500,46497.0,15500,3,Other
2026-04-14 02:48:00,s_cmh2_6101,107.6.171.230,63000,47984.0,21000,3,Rate limit SPF
2026-04-14 02:48:00,s_cmh2_6101,107.6.171.230,63000,47984.0,21000,3,Connection closed
2026-04-14 03:23:00,s_cmh2_6101,107.6.171.230,66000,21816.0,22000,3,Rate limit SPF
2026-04-14 03:23:00,s_cmh2_6101,107.6.171.230,66000,21816.0,22000,3,Connection closed
2026-04-15 23:39:01,s_cmh2_6101,107.6.171.230,0,205686.0,0,3,Connection closed
2026-04-15 23:39:01,s_cmh2_6101,107.6.171.230,0,205686.0,0,3,Rate limit SPF
2026-04-16 12:59:00,s_cmh2_6101,107.6.171.230,11000,58146.0,3667,3,Connection closed
2026-04-16 12:59:00,s_cmh2_6101,107.6.171.230,11000,58146.0,3667,3,Rate limit unsolicited
2026-04-16 13:34:00,s_cmh2_6101,107.6.171.230,11000,38877.0,3667,3,Rate limit unsolicited
2026-04-16 13:34:00,s_cmh2_6101,107.6.171.230,11000,38877.0,3667,3,Connection closed
2026-04-16 14:09:00,s_cmh2_6101,107.6.171.230,11000,32116.0,3667,3,Connection closed
2026-04-16 14:09:00,s_cmh2_6101,107.6.171.230,11000,32116.0,3667,3,Rate limit unsolicited
2026-04-16 14:44:00,s_cmh2_6101,107.6.171.230,11000,39069.0,3667,3,Connection closed
2026-04-16 14:44:00,s_cmh2_6101,107.6.171.230,11000,39069.0,3667,3,Rate limit unsolicited
2026-04-16 14:44:00,s_cmh2_6101,107.6.171.230,11000,39069.0,3667,3,Connection closed
2026-04-16 14:44:00,s_cmh2_6101,107.6.171.230,11000,39069.0,3667,3,Rate limit unsolicited
2026-04-17 00:55:00,s_cmh2_6101,107.6.171.230,11000,59893.0,3667,3,Connection closed
2026-04-17 00:55:00,s_cmh2_6101,107.6.171.230,11000,59893.0,3667,3,Rate limit SPF
2026-04-17 01:09:00,s_cmh2_6121,23.108.51.14,9600,6314.0,2400,4,Rate limit unsolicited
2026-04-17 01:09:00,s_cmh2_6121,23.108.51.14,9600,6314.0,2400,4,Connection closed
2026-04-17 01:09:00,s_cmh2_6121,23.108.51.14,9600,6314.0,2400,4,Rate limit SPF
2026-04-17 01:09:00,s_cmh2_6121,23.108.51.251,9600,6314.0,2400,4,Rate limit unsolicited
2026-04-17 01:09:00,s_cmh2_6121,23.108.51.251,9600,6314.0,2400,4,Connection closed
2026-04-17 01:09:00,s_cmh2_6121,23.108.51.251,9600,6314.0,2400,4,Rate limit SPF
2026-04-14 02:50:00,s_cmh2_6121,23.19.114.9,10064,9877.0,5032,2,Rate limit SPF
2026-04-14 02:50:00,s_cmh2_6121,23.19.114.9,10064,9877.0,5032,2,Rate limit DKIM
2026-04-14 13:45:11,s_cmh2_6121,23.19.114.9,6000,17.0,3000,2,Rate limit SPF
2026-04-14 13:45:11,s_cmh2_6121,23.19.114.9,6000,17.0,3000,2,Connection closed
2026-04-14 13:45:11,s_cmh2_6121,23.19.114.9,6000,17.0,3000,2,Rate limit SPF
2026-04-14 13:45:11,s_cmh2_6121,23.19.114.9,6000,17.0,3000,2,Connection closed
2026-04-15 10:48:06,s_cmh2_6121,23.19.114.9,6000,4805.0,3000,2,Rate limit SPF
2026-04-15 10:48:06,s_cmh2_6121,23.19.114.9,6000,4805.0,3000,2,Rate limit DKIM
2026-04-15 10:48:06,s_cmh2_6121,23.19.114.9,6000,4805.0,3000,2,Rate limit SPF
2026-04-15 10:48:06,s_cmh2_6121,23.19.114.9,6000,4805.0,3000,2,Rate limit DKIM
2026-04-15 11:13:13,s_cmh2_6121,23.19.114.9,3000,2539.0,3000,1,Rate limit SPF
2026-04-15 11:13:13,s_cmh2_6121,23.19.114.9,3000,2539.0,3000,1,Rate limit DKIM
2026-04-15 11:13:13,s_cmh2_6121,23.19.114.9,3000,2539.0,3000,1,Rate limit SPF
2026-04-15 11:13:13,s_cmh2_6121,23.19.114.9,3000,2539.0,3000,1,Rate limit DKIM
2026-04-16 13:02:02,s_cmh2_6121,23.19.114.9,14000,14148.0,7000,2,Other
2026-04-16 13:26:08,s_cmh2_6121,23.19.114.9,16000,14562.0,8000,2,Connection closed
2026-04-16 13:26:08,s_cmh2_6121,23.19.114.9,16000,14562.0,8000,2,Rate limit SPF
2026-04-16 13:26:08,s_cmh2_6121,23.19.114.9,16000,14562.0,8000,2,Rate limit DKIM
2026-04-16 15:44:03,s_cmh2_6121,23.19.114.9,12000,498.0,6000,2,Connection closed
2026-04-16 15:44:03,s_cmh2_6121,23.19.114.9,12000,498.0,6000,2,Rate limit SPF
2026-04-16 16:08:01,s_cmh2_6121,23.19.114.9,12000,303.0,6000,2,Rate limit SPF
2026-04-16 16:08:01,s_cmh2_6121,23.19.114.9,12000,303.0,6000,2,Rate limit DKIM
2026-04-16 16:08:01,s_cmh2_6121,23.19.114.9,12000,303.0,6000,2,Connection closed
2026-04-14 03:25:00,s_cmh2_6121,23.82.139.242,5032,3650.0,5032,1,Rate limit SPF
2026-04-14 03:25:00,s_cmh2_6121,23.82.139.242,5032,3650.0,5032,1,Rate limit DKIM
2026-04-14 13:45:11,s_cmh2_6121,23.82.139.242,6000,17.0,3000,2,Rate limit SPF
2026-04-14 13:45:11,s_cmh2_6121,23.82.139.242,6000,17.0,3000,2,Connection closed
2026-04-14 13:45:11,s_cmh2_6121,23.82.139.242,6000,17.0,3000,2,Rate limit SPF
2026-04-14 13:45:11,s_cmh2_6121,23.82.139.242,6000,17.0,3000,2,Connection closed
2026-04-15 11:13:13,s_cmh2_6121,23.82.139.242,3000,2539.0,3000,1,Connection closed
2026-04-15 11:13:13,s_cmh2_6121,23.82.139.242,3000,2539.0,3000,1,Rate limit SPF
2026-04-15 11:13:13,s_cmh2_6121,23.82.139.242,3000,2539.0,3000,1,Rate limit DKIM
2026-04-15 11:13:13,s_cmh2_6121,23.82.139.242,3000,2539.0,3000,1,Connection closed
2026-04-15 11:13:13,s_cmh2_6121,23.82.139.242,3000,2539.0,3000,1,Rate limit SPF
2026-04-15 11:13:13,s_cmh2_6121,23.82.139.242,3000,2539.0,3000,1,Rate limit DKIM
2026-04-16 13:51:13,s_cmh2_6121,23.82.139.242,7000,1832.0,7000,1,Rate limit SPF
2026-04-16 13:51:13,s_cmh2_6121,23.82.139.242,7000,1832.0,7000,1,Connection closed
2026-04-16 13:51:13,s_cmh2_6121,23.82.139.242,7000,1832.0,7000,1,Rate limit DKIM
2026-04-16 15:44:03,s_cmh2_6121,23.82.139.242,12000,498.0,6000,2,Connection closed
2026-04-16 15:44:03,s_cmh2_6121,23.82.139.242,12000,498.0,6000,2,Rate limit SPF
2026-04-16 16:08:01,s_cmh2_6121,23.82.139.242,12000,303.0,6000,2,Connection closed
2026-04-16 16:08:01,s_cmh2_6121,23.82.139.242,12000,303.0,6000,2,Rate limit SPF
2026-04-16 16:33:02,s_cmh2_6121,23.82.139.242,6000,158.0,6000,1,Rate limit DKIM
2026-04-16 16:33:02,s_cmh2_6121,23.82.139.242,6000,158.0,6000,1,Rate limit SPF
2026-04-16 16:33:02,s_cmh2_6121,23.82.139.242,6000,158.0,6000,1,Connection closed
2026-04-13 22:59:00,s_cmh2_6127,158.69.54.111,10200,9358.0,5100,2,Rate limit SPF
2026-04-13 22:59:00,s_cmh2_6127,158.69.54.111,10200,9358.0,5100,2,Rate limit DKIM
2026-04-14 11:44:11,s_cmh2_6127,158.69.54.111,12000,993.0,6000,2,Rate limit DKIM
2026-04-14 11:44:11,s_cmh2_6127,158.69.54.111,12000,993.0,6000,2,Connection closed
2026-04-14 11:44:11,s_cmh2_6127,158.69.54.111,12000,993.0,6000,2,Rate limit SPF
2026-04-14 11:44:11,s_cmh2_6127,158.69.54.111,12000,993.0,6000,2,Other
2026-04-14 11:44:11,s_cmh2_6127,158.69.54.111,12000,993.0,6000,2,Rate limit DKIM
2026-04-14 11:44:11,s_cmh2_6127,158.69.54.111,12000,993.0,6000,2,Connection closed
2026-04-14 11:44:11,s_cmh2_6127,158.69.54.111,12000,993.0,6000,2,Rate limit SPF
2026-04-14 11:44:11,s_cmh2_6127,158.69.54.111,12000,993.0,6000,2,Other
2026-04-15 13:27:07,s_cmh2_6127,158.69.54.111,4000,3930.0,4000,1,Connection closed
2026-04-15 13:27:07,s_cmh2_6127,158.69.54.111,4000,3930.0,4000,1,Other
2026-04-15 13:27:07,s_cmh2_6127,158.69.54.111,4000,3930.0,4000,1,Connection closed
2026-04-15 13:27:07,s_cmh2_6127,158.69.54.111,4000,3930.0,4000,1,Other
2026-04-15 13:53:03,s_cmh2_6127,158.69.54.111,3930,759.0,3930,1,Connection closed
2026-04-15 13:53:03,s_cmh2_6127,158.69.54.111,3930,759.0,3930,1,Other
2026-04-15 13:53:03,s_cmh2_6127,158.69.54.111,3930,759.0,3930,1,Rate limit DKIM
2026-04-15 13:53:03,s_cmh2_6127,158.69.54.111,3930,759.0,3930,1,Rate limit SPF
2026-04-15 13:53:03,s_cmh2_6127,158.69.54.111,3930,759.0,3930,1,Connection closed
2026-04-15 13:53:03,s_cmh2_6127,158.69.54.111,3930,759.0,3930,1,Other
2026-04-15 13:53:03,s_cmh2_6127,158.69.54.111,3930,759.0,3930,1,Rate limit DKIM
2026-04-15 13:53:03,s_cmh2_6127,158.69.54.111,3930,759.0,3930,1,Rate limit SPF
2026-04-15 14:17:11,s_cmh2_6127,158.69.54.111,3930,1946.0,3930,1,Connection closed
2026-04-15 14:17:11,s_cmh2_6127,158.69.54.111,3930,1946.0,3930,1,Rate limit SPF
2026-04-15 14:17:11,s_cmh2_6127,158.69.54.111,3930,1946.0,3930,1,Rate limit unsolicited
2026-04-15 14:17:11,s_cmh2_6127,158.69.54.111,3930,1946.0,3930,1,Rate limit DKIM
2026-04-15 14:17:11,s_cmh2_6127,158.69.54.111,3930,1946.0,3930,1,Connection closed
2026-04-15 14:17:11,s_cmh2_6127,158.69.54.111,3930,1946.0,3930,1,Rate limit SPF
2026-04-15 14:17:11,s_cmh2_6127,158.69.54.111,3930,1946.0,3930,1,Rate limit unsolicited
2026-04-15 14:17:11,s_cmh2_6127,158.69.54.111,3930,1946.0,3930,1,Rate limit DKIM
2026-04-16 12:51:41,s_cmh2_6127,158.69.54.111,12000,12008.0,6000,2,Other
2026-04-16 16:49:01,s_cmh2_6127,158.69.54.111,18000,16894.0,9000,2,Connection closed
2026-04-16 16:49:01,s_cmh2_6127,158.69.54.111,18000,16894.0,9000,2,Rate limit DKIM
2026-04-16 16:49:01,s_cmh2_6127,158.69.54.111,18000,16894.0,9000,2,Rate limit SPF
2026-04-17 01:23:00,s_cmh2_6127,51.161.79.216,15720,8738.0,3930,4,Rate limit DKIM
2026-04-17 01:23:00,s_cmh2_6127,51.161.79.216,15720,8738.0,3930,4,Rate limit SPF
2026-04-17 01:23:00,s_cmh2_6127,51.161.79.216,15720,8738.0,3930,4,Connection closed
2026-04-14 03:04:00,s_cmh2_6127,51.161.79.217,6432,2525.0,6432,1,Connection closed
2026-04-14 03:04:00,s_cmh2_6127,51.161.79.217,6432,2525.0,6432,1,Rate limit DKIM
2026-04-14 03:04:00,s_cmh2_6127,51.161.79.217,6432,2525.0,6432,1,Rate limit SPF
2026-04-14 10:54:11,s_cmh2_6127,51.161.79.217,12000,6162.0,6000,2,Rate limit DKIM
2026-04-14 10:54:11,s_cmh2_6127,51.161.79.217,12000,6162.0,6000,2,Connection closed
2026-04-14 10:54:11,s_cmh2_6127,51.161.79.217,12000,6162.0,6000,2,Rate limit SPF
2026-04-14 10:54:11,s_cmh2_6127,51.161.79.217,12000,6162.0,6000,2,Rate limit DKIM
2026-04-14 10:54:11,s_cmh2_6127,51.161.79.217,12000,6162.0,6000,2,Connection closed
2026-04-14 10:54:11,s_cmh2_6127,51.161.79.217,12000,6162.0,6000,2,Rate limit SPF
2026-04-14 11:19:11,s_cmh2_6127,51.161.79.217,12000,6025.0,6000,2,Connection closed
2026-04-14 11:19:11,s_cmh2_6127,51.161.79.217,12000,6025.0,6000,2,Rate limit DKIM
2026-04-14 11:19:11,s_cmh2_6127,51.161.79.217,12000,6025.0,6000,2,Rate limit SPF
2026-04-14 11:19:11,s_cmh2_6127,51.161.79.217,12000,6025.0,6000,2,Connection closed
2026-04-14 11:19:11,s_cmh2_6127,51.161.79.217,12000,6025.0,6000,2,Rate limit DKIM
2026-04-14 11:19:11,s_cmh2_6127,51.161.79.217,12000,6025.0,6000,2,Rate limit SPF
2026-04-14 11:44:11,s_cmh2_6127,51.161.79.217,12000,993.0,6000,2,Connection closed
2026-04-14 11:44:11,s_cmh2_6127,51.161.79.217,12000,993.0,6000,2,Rate limit DKIM
2026-04-14 11:44:11,s_cmh2_6127,51.161.79.217,12000,993.0,6000,2,Rate limit SPF
2026-04-14 11:44:11,s_cmh2_6127,51.161.79.217,12000,993.0,6000,2,Connection closed
2026-04-14 11:44:11,s_cmh2_6127,51.161.79.217,12000,993.0,6000,2,Rate limit DKIM
2026-04-14 11:44:11,s_cmh2_6127,51.161.79.217,12000,993.0,6000,2,Rate limit SPF
2026-04-15 11:48:08,s_cmh2_6127,51.161.79.217,10000,5394.0,5000,2,Connection closed
2026-04-15 11:48:08,s_cmh2_6127,51.161.79.217,10000,5394.0,5000,2,Rate limit SPF
2026-04-15 11:48:08,s_cmh2_6127,51.161.79.217,10000,5394.0,5000,2,Rate limit DKIM
2026-04-15 11:48:08,s_cmh2_6127,51.161.79.217,10000,5394.0,5000,2,Other
2026-04-15 11:48:08,s_cmh2_6127,51.161.79.217,10000,5394.0,5000,2,Connection closed
2026-04-15 11:48:08,s_cmh2_6127,51.161.79.217,10000,5394.0,5000,2,Rate limit SPF
2026-04-15 11:48:08,s_cmh2_6127,51.161.79.217,10000,5394.0,5000,2,Rate limit DKIM
2026-04-15 11:48:08,s_cmh2_6127,51.161.79.217,10000,5394.0,5000,2,Other
2026-04-16 16:49:01,s_cmh2_6127,51.161.79.217,18000,16894.0,9000,2,Rate limit SPF
2026-04-16 16:49:01,s_cmh2_6127,51.161.79.217,18000,16894.0,9000,2,Connection closed
2026-04-16 16:49:01,s_cmh2_6127,51.161.79.217,18000,16894.0,9000,2,Rate limit DKIM
2026-04-17 01:23:00,s_cmh2_6127,51.161.79.219,15720,8738.0,3930,4,Rate limit unsolicited
2026-04-17 01:23:00,s_cmh2_6127,51.161.79.219,15720,8738.0,3930,4,Connection closed
2026-04-17 01:16:00,s_cmh2_6145,51.68.210.28,24000,19095.0,6000,4,Rate limit SPF
2026-04-17 01:16:00,s_cmh2_6145,51.68.210.28,24000,19095.0,6000,4,Connection closed
2026-04-17 01:16:00,s_cmh2_6145,51.68.210.28,24000,19095.0,6000,4,Rate limit DKIM
2026-04-17 01:16:00,s_cmh2_6145,51.68.210.68,24000,19095.0,6000,4,Connection closed
2026-04-17 01:16:00,s_cmh2_6145,51.68.210.68,24000,19095.0,6000,4,Rate limit DKIM
2026-04-17 01:16:00,s_cmh2_6145,51.68.210.68,24000,19095.0,6000,4,Rate limit SPF
2026-04-14 12:02:10,s_cmh2_6145,51.68.222.162,12000,2753.0,6000,2,Rate limit SPF
2026-04-14 12:02:10,s_cmh2_6145,51.68.222.162,12000,2753.0,6000,2,Other
2026-04-14 12:02:10,s_cmh2_6145,51.68.222.162,12000,2753.0,6000,2,Rate limit DKIM
2026-04-14 12:02:10,s_cmh2_6145,51.68.222.162,12000,2753.0,6000,2,Connection closed
2026-04-14 12:02:10,s_cmh2_6145,51.68.222.162,12000,2753.0,6000,2,Rate limit IP Netblock
2026-04-14 12:02:10,s_cmh2_6145,51.68.222.162,12000,2753.0,6000,2,Rate limit SPF
2026-04-14 12:02:10,s_cmh2_6145,51.68.222.162,12000,2753.0,6000,2,Other
2026-04-14 12:02:10,s_cmh2_6145,51.68.222.162,12000,2753.0,6000,2,Rate limit DKIM
2026-04-14 12:02:10,s_cmh2_6145,51.68.222.162,12000,2753.0,6000,2,Connection closed
2026-04-14 12:02:10,s_cmh2_6145,51.68.222.162,12000,2753.0,6000,2,Rate limit IP Netblock
2026-04-14 13:53:10,s_cmh2_6145,51.68.222.162,8000,8606.0,4000,2,Rate limit SPF
2026-04-14 13:53:10,s_cmh2_6145,51.68.222.162,8000,8606.0,4000,2,Rate limit SPF
2026-04-14 14:19:10,s_cmh2_6145,51.68.222.162,8000,4407.0,4000,2,Connection closed
2026-04-14 14:19:10,s_cmh2_6145,51.68.222.162,8000,4407.0,4000,2,Rate limit SPF
2026-04-14 14:19:10,s_cmh2_6145,51.68.222.162,8000,4407.0,4000,2,Rate limit DKIM
2026-04-14 14:19:10,s_cmh2_6145,51.68.222.162,8000,4407.0,4000,2,Connection closed
2026-04-14 14:19:10,s_cmh2_6145,51.68.222.162,8000,4407.0,4000,2,Rate limit SPF
2026-04-14 14:19:10,s_cmh2_6145,51.68.222.162,8000,4407.0,4000,2,Rate limit DKIM
2026-04-15 11:55:09,s_cmh2_6145,51.68.222.162,12000,4.0,6000,2,Connection closed
2026-04-15 11:55:09,s_cmh2_6145,51.68.222.162,12000,4.0,6000,2,Rate limit SPF
2026-04-15 11:55:09,s_cmh2_6145,51.68.222.162,12000,4.0,6000,2,Rate limit DKIM
2026-04-15 11:55:09,s_cmh2_6145,51.68.222.162,12000,4.0,6000,2,Rate limit IP Netblock
2026-04-15 11:55:09,s_cmh2_6145,51.68.222.162,12000,4.0,6000,2,Connection closed
2026-04-15 11:55:09,s_cmh2_6145,51.68.222.162,12000,4.0,6000,2,Rate limit SPF
2026-04-15 11:55:09,s_cmh2_6145,51.68.222.162,12000,4.0,6000,2,Rate limit DKIM
2026-04-15 11:55:09,s_cmh2_6145,51.68.222.162,12000,4.0,6000,2,Rate limit IP Netblock
2026-04-15 12:03:11,s_cmh2_6145,51.68.222.162,3000,566.0,1500,2,Connection closed
2026-04-15 12:03:11,s_cmh2_6145,51.68.222.162,3000,566.0,1500,2,Rate limit SPF
2026-04-15 12:03:11,s_cmh2_6145,51.68.222.162,3000,566.0,1500,2,Rate limit DKIM
2026-04-15 12:03:11,s_cmh2_6145,51.68.222.162,3000,566.0,1500,2,Other
2026-04-15 12:03:11,s_cmh2_6145,51.68.222.162,3000,566.0,1500,2,Connection closed
2026-04-15 12:03:11,s_cmh2_6145,51.68.222.162,3000,566.0,1500,2,Rate limit SPF
2026-04-15 12:03:11,s_cmh2_6145,51.68.222.162,3000,566.0,1500,2,Rate limit DKIM
2026-04-15 12:03:11,s_cmh2_6145,51.68.222.162,3000,566.0,1500,2,Other
2026-04-16 14:00:04,s_cmh2_6145,51.68.222.162,16000,15074.0,8000,2,Rate limit SPF
2026-04-16 14:00:04,s_cmh2_6145,51.68.222.162,16000,15074.0,8000,2,Rate limit DKIM
2026-04-17 01:16:00,s_cmh2_6145,51.68.222.162,24000,19095.0,6000,4,Connection closed
2026-04-14 12:02:10,s_cmh2_6145,51.75.164.228,12000,2753.0,6000,2,Other
2026-04-14 12:02:10,s_cmh2_6145,51.75.164.228,12000,2753.0,6000,2,Connection closed
2026-04-14 12:02:10,s_cmh2_6145,51.75.164.228,12000,2753.0,6000,2,Rate limit DKIM
2026-04-14 12:02:10,s_cmh2_6145,51.75.164.228,12000,2753.0,6000,2,Rate limit SPF
2026-04-14 12:02:10,s_cmh2_6145,51.75.164.228,12000,2753.0,6000,2,Other
2026-04-14 12:02:10,s_cmh2_6145,51.75.164.228,12000,2753.0,6000,2,Connection closed
2026-04-14 12:02:10,s_cmh2_6145,51.75.164.228,12000,2753.0,6000,2,Rate limit DKIM
2026-04-14 12:02:10,s_cmh2_6145,51.75.164.228,12000,2753.0,6000,2,Rate limit SPF
2026-04-15 11:55:09,s_cmh2_6145,51.75.164.228,12000,4.0,6000,2,Rate limit SPF
2026-04-15 11:55:09,s_cmh2_6145,51.75.164.228,12000,4.0,6000,2,Connection closed
2026-04-15 11:55:09,s_cmh2_6145,51.75.164.228,12000,4.0,6000,2,Rate limit DKIM
2026-04-15 11:55:09,s_cmh2_6145,51.75.164.228,12000,4.0,6000,2,Rate limit SPF
2026-04-15 11:55:09,s_cmh2_6145,51.75.164.228,12000,4.0,6000,2,Connection closed
2026-04-15 11:55:09,s_cmh2_6145,51.75.164.228,12000,4.0,6000,2,Rate limit DKIM
2026-04-15 12:03:11,s_cmh2_6145,51.75.164.228,3000,566.0,1500,2,Connection closed
2026-04-15 12:03:11,s_cmh2_6145,51.75.164.228,3000,566.0,1500,2,Rate limit SPF
2026-04-15 12:03:11,s_cmh2_6145,51.75.164.228,3000,566.0,1500,2,Rate limit DKIM
2026-04-15 12:03:11,s_cmh2_6145,51.75.164.228,3000,566.0,1500,2,Connection closed
2026-04-15 12:03:11,s_cmh2_6145,51.75.164.228,3000,566.0,1500,2,Rate limit SPF
2026-04-15 12:03:11,s_cmh2_6145,51.75.164.228,3000,566.0,1500,2,Rate limit DKIM
2026-04-12 23:48:00,s_cmh6_5940,198.12.123.227,255000,54729.0,15000,17,Connection closed
2026-04-13 03:18:00,s_cmh6_5940,198.12.123.227,185000,17952.0,18500,10,Other
2026-04-13 10:07:00,s_cmh6_5940,198.12.123.227,220000,102647.0,22000,10,Other
2026-04-12 23:48:00,s_cmh6_5940,198.12.123.228,255000,54729.0,15000,17,Connection closed
2026-04-12 23:48:00,s_cmh6_5940,198.12.123.229,255000,54729.0,15000,17,Connection closed
2026-04-12 23:48:00,s_cmh6_5940,198.12.123.230,255000,54729.0,15000,17,Connection closed
2026-04-12 23:48:00,s_cmh6_5940,198.12.123.234,255000,54729.0,15000,17,Connection closed
2026-04-12 23:48:00,s_cmh6_5940,198.12.123.235,255000,54729.0,15000,17,Connection closed
2026-04-12 23:48:00,s_cmh6_5940,198.12.123.236,255000,54729.0,15000,17,Connection closed
2026-04-12 23:48:00,s_cmh6_5940,198.12.123.237,255000,54729.0,15000,17,Connection closed
2026-04-13 10:07:00,s_cmh6_5940,198.12.123.237,220000,102647.0,22000,10,Other
2026-04-12 23:48:00,s_cmh6_5940,198.12.123.239,255000,54729.0,15000,17,Connection closed
2026-04-13 02:18:00,s_cmh6_5940,198.12.123.239,175000,54444.0,17500,10,Connection closed
2026-04-13 05:18:00,s_cmh6_5940,198.12.123.239,205000,55506.0,20500,10,Other
2026-04-13 05:48:01,s_cmh6_5940,198.12.123.239,210000,55222.0,21000,10,Other
2026-04-12 23:48:00,s_cmh6_5940,198.12.123.240,255000,54729.0,15000,17,Connection closed
2026-04-13 11:01:00,s_cmh6_5940,198.12.123.240,230000,92856.0,23000,10,Other
2026-04-13 01:18:01,s_cmh6_5940,198.12.123.241,165000,55778.0,16500,10,Connection closed
2026-04-13 10:07:00,s_cmh6_5940,198.12.123.241,220000,102647.0,22000,10,Other
2026-04-13 10:21:00,s_cmh6_5940,198.12.123.242,150000,113892.0,15000,10,Other
2026-04-13 10:07:00,s_cmh6_5940,198.12.123.243,220000,102647.0,22000,10,Other
2026-04-13 10:07:00,s_cmh6_5940,198.12.123.243,220000,102647.0,22000,10,Connection closed
2026-04-12 23:48:00,s_cmh6_5940,198.12.123.244,255000,54729.0,15000,17,Connection closed
2026-04-12 23:18:03,s_cmh6_5940,198.12.123.245,246500,69413.0,14500,17,Connection closed
2026-04-12 23:48:00,s_cmh6_5940,198.12.123.245,255000,54729.0,15000,17,Connection closed
2026-04-13 01:18:01,s_cmh6_5940,198.12.123.245,165000,55778.0,16500,10,Connection closed
2026-04-13 10:07:00,s_cmh6_5940,198.12.123.245,220000,102647.0,22000,10,Connection closed
2026-04-12 23:48:00,s_cmh6_5940,198.12.123.247,255000,54729.0,15000,17,Connection closed
2026-04-13 01:18:01,s_cmh6_5940,198.12.123.247,165000,55778.0,16500,10,Connection closed
2026-04-12 23:48:00,s_cmh6_5940,198.12.123.248,255000,54729.0,15000,17,Connection closed
2026-04-13 10:07:00,s_cmh6_5940,198.12.123.249,220000,102647.0,22000,10,Other
2026-04-12 23:48:00,s_cmh6_5940,198.12.123.250,255000,54729.0,15000,17,Connection closed
2026-04-13 10:07:00,s_cmh6_5940,198.12.123.251,220000,102647.0,22000,10,Other
2026-04-13 01:18:01,s_cmh6_5940,198.12.123.253,165000,55778.0,16500,10,Other
2026-04-13 10:07:00,s_cmh6_5940,198.12.123.253,220000,102647.0,22000,10,Other
2026-04-12 23:48:00,s_cmh6_5940,198.12.123.254,255000,54729.0,15000,17,Connection closed
2026-04-13 10:21:00,s_cmh6_5940,198.12.123.254,150000,113892.0,15000,10,Other
2026-04-13 10:21:00,s_cmh6_5940,198.12.123.254,150000,113892.0,15000,10,Connection closed
2026-04-16 02:18:00,s_cmh6_6009,173.236.32.74,27000,25183.0,9000,3,Connection closed
2026-04-16 02:18:00,s_cmh6_6009,173.236.32.74,27000,25183.0,9000,3,Rate limit DKIM
2026-04-16 02:18:00,s_cmh6_6009,173.236.32.74,27000,25183.0,9000,3,Rate limit SPF
2026-04-16 11:33:13,s_cmh6_6009,173.236.32.74,25500,25069.0,8500,3,Rate limit SPF
2026-04-16 11:58:03,s_cmh6_6009,173.236.32.74,24900,13455.0,8300,3,Rate limit SPF
2026-04-16 11:58:03,s_cmh6_6009,173.236.32.74,24900,13455.0,8300,3,Connection closed
2026-04-16 12:48:08,s_cmh6_6009,173.236.32.74,6000,14.0,6000,1,Rate limit DKIM
2026-04-16 12:48:08,s_cmh6_6009,173.236.32.74,6000,14.0,6000,1,Rate limit SPF
2026-04-16 12:48:08,s_cmh6_6009,173.236.32.74,6000,14.0,6000,1,Connection closed
2026-04-16 02:18:00,s_cmh6_6009,173.236.32.76,27000,25183.0,9000,3,Connection closed
2026-04-16 02:18:00,s_cmh6_6009,173.236.32.76,27000,25183.0,9000,3,Rate limit DKIM
2026-04-16 02:18:00,s_cmh6_6009,173.236.32.76,27000,25183.0,9000,3,Rate limit SPF
2026-04-16 11:02:04,s_cmh6_6009,173.236.32.76,24000,24116.0,8000,3,Other
2026-04-16 11:33:13,s_cmh6_6009,173.236.32.76,25500,25069.0,8500,3,Rate limit SPF
2026-04-16 11:58:03,s_cmh6_6009,173.236.32.76,24900,13455.0,8300,3,Connection closed
2026-04-16 11:58:03,s_cmh6_6009,173.236.32.76,24900,13455.0,8300,3,Rate limit DKIM
2026-04-16 11:58:03,s_cmh6_6009,173.236.32.76,24900,13455.0,8300,3,Rate limit SPF
2026-04-16 16:32:02,s_cmh6_6009,173.236.32.76,22500,22508.0,7500,3,Other
2026-04-16 02:18:00,s_cmh6_6009,173.236.32.77,27000,25183.0,9000,3,Connection closed
2026-04-16 02:18:00,s_cmh6_6009,173.236.32.77,27000,25183.0,9000,3,Rate limit SPF
2026-04-16 02:18:00,s_cmh6_6009,173.236.32.77,27000,25183.0,9000,3,Rate limit DKIM
2026-04-16 11:33:13,s_cmh6_6009,173.236.32.77,25500,25069.0,8500,3,Rate limit SPF
2026-04-16 11:58:03,s_cmh6_6009,173.236.32.77,24900,13455.0,8300,3,Rate limit DKIM
2026-04-16 11:58:03,s_cmh6_6009,173.236.32.77,24900,13455.0,8300,3,Connection closed
2026-04-16 11:58:03,s_cmh6_6009,173.236.32.77,24900,13455.0,8300,3,Rate limit SPF
2026-04-15 12:49:09,s_cmh6_6009,173.236.32.78,24000,24003.0,6000,4,Rate limit SPF
2026-04-15 12:49:09,s_cmh6_6009,173.236.32.78,24000,24003.0,6000,4,Rate limit unsolicited
2026-04-15 12:49:09,s_cmh6_6009,173.236.32.78,24000,24003.0,6000,4,Rate limit SPF
2026-04-15 12:49:09,s_cmh6_6009,173.236.32.78,24000,24003.0,6000,4,Rate limit unsolicited
2026-04-15 13:01:16,s_cmh8_3583,138.226.244.74,6250,1567.0,3125,2,Connection closed
2026-04-15 13:01:16,s_cmh8_3583,138.226.244.74,6250,1567.0,3125,2,Rate limit DKIM
2026-04-15 13:01:16,s_cmh8_3583,138.226.244.74,6250,1567.0,3125,2,Rate limit SPF
2026-04-14 03:07:01,s_cmh8_3583,138.226.244.75,16300,16379.0,8150,2,Connection closed
2026-04-14 03:07:01,s_cmh8_3583,138.226.244.75,16300,16379.0,8150,2,Rate limit SPF
2026-04-14 03:07:01,s_cmh8_3583,138.226.244.75,16300,16379.0,8150,2,Rate limit DKIM
2026-04-15 00:58:01,s_cmh8_3583,138.226.244.75,18750,17187.0,6250,3,Rate limit SPF
2026-04-15 01:34:07,s_cmh8_3583,138.226.244.75,12500,281.0,6250,2,Rate limit SPF
2026-04-15 01:34:07,s_cmh8_3583,138.226.244.75,12500,281.0,6250,2,Connection closed
2026-04-15 01:34:07,s_cmh8_3583,138.226.244.75,12500,281.0,6250,2,Rate limit DKIM
2026-04-15 11:04:16,s_cmh8_3583,138.226.244.75,12500,53.0,6250,2,Rate limit SPF
2026-04-15 11:04:16,s_cmh8_3583,138.226.244.75,12500,53.0,6250,2,Rate limit DKIM
2026-04-15 11:04:16,s_cmh8_3583,138.226.244.75,12500,53.0,6250,2,Connection closed
2026-04-17 00:18:15,s_cmh8_3583,138.226.244.75,32000,15472.0,8000,4,Connection closed
2026-04-17 00:18:15,s_cmh8_3583,138.226.244.75,32000,15472.0,8000,4,Rate limit SPF
2026-04-17 01:18:15,s_cmh8_3583,138.226.244.75,28000,18953.0,7000,4,Connection closed
2026-04-17 01:18:15,s_cmh8_3583,138.226.244.75,28000,18953.0,7000,4,Rate limit SPF
2026-04-17 01:18:15,s_cmh8_3583,138.226.244.75,28000,18953.0,7000,4,Rate limit DKIM
2026-04-17 15:41:01,s_cmh8_3583,138.226.244.75,28000,27985.0,7000,4,Other
2026-04-13 16:51:01,s_cmh8_3583,138.226.244.76,15300,15324.0,5100,3,Other
2026-04-15 16:37:11,s_cmh8_3583,138.226.244.76,5750,769.0,2875,2,Connection closed
2026-04-15 16:37:11,s_cmh8_3583,138.226.244.76,5750,769.0,2875,2,Rate limit SPF
2026-04-15 16:37:11,s_cmh8_3583,138.226.244.76,5750,769.0,2875,2,Rate limit DKIM
2026-04-15 16:56:00,s_cmh8_3583,138.226.244.76,7000,6988.0,3500,2,Connection closed
2026-04-15 16:56:00,s_cmh8_3583,138.226.244.76,7000,6988.0,3500,2,Rate limit DKIM
2026-04-15 17:02:01,s_cmh8_3583,138.226.244.76,6500,5112.0,3250,2,Rate limit DKIM
2026-04-15 17:02:01,s_cmh8_3583,138.226.244.76,6500,5112.0,3250,2,Rate limit unsolicited
2026-04-15 17:02:01,s_cmh8_3583,138.226.244.76,6500,5112.0,3250,2,Connection closed
2026-04-14 02:45:17,s_cmh8_3583,138.226.244.77,24900,1102.0,8300,3,Rate limit SPF
2026-04-14 02:45:17,s_cmh8_3583,138.226.244.77,24900,1102.0,8300,3,Rate limit DKIM
2026-04-15 01:27:17,s_cmh8_3583,138.226.244.77,18000,1006.0,6000,3,Connection closed
2026-04-15 01:27:17,s_cmh8_3583,138.226.244.77,18000,1006.0,6000,3,Rate limit SPF
2026-04-15 10:58:01,s_cmh8_3583,138.226.244.77,10000,5001.0,5000,2,Rate limit SPF
2026-04-15 10:58:01,s_cmh8_3583,138.226.244.77,10000,5001.0,5000,2,Connection closed
2026-04-15 10:58:01,s_cmh8_3583,138.226.244.77,10000,5001.0,5000,2,Rate limit DKIM
2026-04-17 02:01:21,s_cmh8_3583,138.226.244.77,23000,10231.0,11500,2,Rate limit DKIM
2026-04-17 02:01:21,s_cmh8_3583,138.226.244.77,23000,10231.0,11500,2,Connection closed
2026-04-17 02:09:01,s_cmh8_3583,138.226.244.77,14000,24255.0,7000,2,Rate limit DKIM
2026-04-17 17:07:07,s_cmh8_3583,138.226.244.77,28000,21387.0,3500,8,Rate limit DKIM
2026-04-17 17:07:07,s_cmh8_3583,138.226.244.77,28000,21387.0,3500,8,Connection closed
2026-04-17 17:07:07,s_cmh8_3583,138.226.244.77,28000,21387.0,3500,8,Rate limit unsolicited
2026-04-12 03:45:37,s_cmh8_3583,142.147.96.123,9600,7953.0,3200,3,Connection closed
2026-04-12 03:45:37,s_cmh8_3583,142.147.96.123,9600,7953.0,3200,3,Rate limit SPF
2026-04-12 03:51:01,s_cmh8_3583,142.147.96.123,3600,2956.0,1200,3,Rate limit DKIM
2026-04-12 03:57:01,s_cmh8_3583,142.147.96.123,3080,2068.0,1027,3,Rate limit DKIM
2026-04-12 03:57:01,s_cmh8_3583,142.147.96.123,3080,2068.0,1027,3,Rate limit SPF
2026-04-12 03:57:01,s_cmh8_3583,142.147.96.123,3080,2068.0,1027,3,Connection closed
2026-04-14 02:38:11,s_cmh8_3583,142.147.96.123,23490,13056.0,7830,3,Rate limit DKIM
2026-04-14 02:38:11,s_cmh8_3583,142.147.96.123,23490,13056.0,7830,3,Connection closed
2026-04-14 02:38:11,s_cmh8_3583,142.147.96.123,23490,13056.0,7830,3,Rate limit SPF
2026-04-15 10:15:01,s_cmh8_3583,142.147.96.123,13000,13003.0,6500,2,Connection closed
2026-04-15 10:15:01,s_cmh8_3583,142.147.96.123,13000,13003.0,6500,2,Other
2026-04-15 13:01:16,s_cmh8_3583,142.147.96.123,6250,1567.0,3125,2,Connection closed
2026-04-15 13:01:16,s_cmh8_3583,142.147.96.123,6250,1567.0,3125,2,Rate limit DKIM
2026-04-15 13:01:16,s_cmh8_3583,142.147.96.123,6250,1567.0,3125,2,Rate limit SPF
2026-04-15 23:44:01,s_cmh8_3583,142.147.96.123,10000,9732.0,5000,2,Connection closed
2026-04-15 23:44:01,s_cmh8_3583,142.147.96.123,10000,9732.0,5000,2,Other
2026-04-16 20:38:08,s_cmh8_3583,142.147.96.123,46000,44941.0,5750,8,Other
2026-04-17 00:18:15,s_cmh8_3583,142.147.96.123,32000,15472.0,8000,4,Connection closed
2026-04-17 15:41:01,s_cmh8_3583,142.147.96.123,28000,27985.0,7000,4,Other
2026-04-17 19:07:01,s_cmh8_3583,142.147.96.123,24000,24014.0,4000,6,Other
2026-04-13 17:45:06,s_cmh8_3583,142.147.96.124,10290,9707.0,3430,3,Connection closed
2026-04-13 17:45:06,s_cmh8_3583,142.147.96.124,10290,9707.0,3430,3,Rate limit SPF
2026-04-13 17:45:06,s_cmh8_3583,142.147.96.124,10290,9707.0,3430,3,Rate limit DKIM
2026-04-14 02:16:02,s_cmh8_3583,142.147.96.124,20340,19895.0,6780,3,Rate limit SPF
2026-04-14 02:16:02,s_cmh8_3583,142.147.96.124,20340,19895.0,6780,3,Rate limit DKIM
2026-04-15 01:34:07,s_cmh8_3583,142.147.96.124,12500,281.0,6250,2,Rate limit SPF
2026-04-15 01:34:07,s_cmh8_3583,142.147.96.124,12500,281.0,6250,2,Rate limit DKIM
2026-04-15 01:34:07,s_cmh8_3583,142.147.96.124,12500,281.0,6250,2,Connection closed
2026-04-15 11:04:16,s_cmh8_3583,142.147.96.124,12500,53.0,6250,2,Connection closed
2026-04-15 11:04:16,s_cmh8_3583,142.147.96.124,12500,53.0,6250,2,Rate limit SPF
2026-04-15 11:04:16,s_cmh8_3583,142.147.96.124,12500,53.0,6250,2,Rate limit DKIM
2026-04-15 23:20:17,s_cmh8_3583,142.147.96.124,5000,459.0,5000,1,Connection closed
2026-04-15 23:20:17,s_cmh8_3583,142.147.96.124,5000,459.0,5000,1,Rate limit DKIM
2026-04-15 23:20:17,s_cmh8_3583,142.147.96.124,5000,459.0,5000,1,Rate limit SPF
2026-04-15 23:26:03,s_cmh8_3583,142.147.96.124,3900,12.0,3900,1,Rate limit SPF
2026-04-15 23:26:03,s_cmh8_3583,142.147.96.124,3900,12.0,3900,1,Rate limit DKIM
2026-04-15 23:26:03,s_cmh8_3583,142.147.96.124,3900,12.0,3900,1,Connection closed
2026-04-15 23:32:16,s_cmh8_3583,142.147.96.124,5000,5.0,5000,1,Connection closed
2026-04-15 23:32:16,s_cmh8_3583,142.147.96.124,5000,5.0,5000,1,Rate limit SPF
2026-04-15 23:32:16,s_cmh8_3583,142.147.96.124,5000,5.0,5000,1,Rate limit DKIM
2026-04-16 20:38:08,s_cmh8_3583,142.147.96.124,46000,44941.0,5750,8,Other
2026-04-16 22:40:01,s_cmh8_3583,142.147.96.124,16000,15529.0,8000,2,Connection closed
2026-04-16 22:40:01,s_cmh8_3583,142.147.96.124,16000,15529.0,8000,2,Rate limit DKIM
2026-04-16 22:48:01,s_cmh8_3583,142.147.96.124,26000,33536.0,6500,4,Connection closed
2026-04-16 22:48:01,s_cmh8_3583,142.147.96.124,26000,33536.0,6500,4,Rate limit SPF
2026-04-16 22:48:01,s_cmh8_3583,142.147.96.124,26000,33536.0,6500,4,Rate limit DKIM
2026-04-17 03:01:16,s_cmh8_3583,142.147.96.124,12500,5.0,12500,1,Connection closed
2026-04-17 03:01:16,s_cmh8_3583,142.147.96.124,12500,5.0,12500,1,Rate limit DKIM
2026-04-17 03:01:16,s_cmh8_3583,142.147.96.124,12500,5.0,12500,1,Rate limit SPF
2026-04-17 15:29:01,s_cmh8_3583,142.147.96.124,25000,13976.0,12500,2,Rate limit DKIM
2026-04-17 17:07:07,s_cmh8_3583,142.147.96.124,28000,21387.0,3500,8,Rate limit SPF
2026-04-17 17:07:07,s_cmh8_3583,142.147.96.124,28000,21387.0,3500,8,Rate limit DKIM
2026-04-14 01:55:06,s_cmh8_3583,142.147.96.125,26700,25062.0,8900,3,Rate limit SPF
2026-04-14 02:31:01,s_cmh8_3583,142.147.96.125,15800,15806.0,7900,2,Other
2026-04-15 16:37:11,s_cmh8_3583,142.147.96.125,5750,769.0,2875,2,Connection closed
2026-04-15 16:37:11,s_cmh8_3583,142.147.96.125,5750,769.0,2875,2,Rate limit DKIM
2026-04-15 16:37:11,s_cmh8_3583,142.147.96.125,5750,769.0,2875,2,Rate limit SPF
2026-04-17 02:54:01,s_cmh8_3583,142.147.96.125,23000,23011.0,11500,2,Connection closed
2026-04-17 18:07:01,s_cmh8_3583,142.147.96.125,22500,22514.0,3750,6,Other
2026-04-17 22:22:01,s_cmh8_3583,142.147.96.125,24000,24298.0,4000,6,Other
2026-04-13 15:51:01,s_cmh8_3583,142.147.96.126,11400,11392.0,3800,3,Other
2026-04-13 15:51:01,s_cmh8_3583,142.147.96.126,11400,11392.0,3800,3,Connection closed
2026-04-13 18:15:11,s_cmh8_3583,142.147.96.126,12000,7230.0,4000,3,Rate limit SPF
2026-04-13 18:15:11,s_cmh8_3583,142.147.96.126,12000,7230.0,4000,3,Connection closed
2026-04-13 18:27:18,s_cmh8_3583,142.147.96.126,15600,5218.0,5200,3,Rate limit DKIM
2026-04-13 18:27:18,s_cmh8_3583,142.147.96.126,15600,5218.0,5200,3,Rate limit SPF
2026-04-13 18:27:18,s_cmh8_3583,142.147.96.126,15600,5218.0,5200,3,Connection closed
2026-04-14 02:09:01,s_cmh8_3583,142.147.96.126,24150,23992.0,8050,3,Other
2026-04-14 02:45:17,s_cmh8_3583,142.147.96.126,24900,1102.0,8300,3,Connection closed
2026-04-14 02:45:17,s_cmh8_3583,142.147.96.126,24900,1102.0,8300,3,Rate limit SPF
2026-04-14 02:45:17,s_cmh8_3583,142.147.96.126,24900,1102.0,8300,3,Rate limit DKIM
2026-04-15 01:27:17,s_cmh8_3583,142.147.96.126,18000,1006.0,6000,3,Rate limit SPF
2026-04-15 01:27:17,s_cmh8_3583,142.147.96.126,18000,1006.0,6000,3,Connection closed
2026-04-15 01:27:17,s_cmh8_3583,142.147.96.126,18000,1006.0,6000,3,Rate limit DKIM
2026-04-15 11:41:00,s_cmh8_3583,142.147.96.126,6250,6101.0,6250,1,Rate limit unsolicited
2026-04-15 12:12:00,s_cmh8_3583,142.147.96.126,5000,4178.0,5000,1,Rate limit SPF
2026-04-15 12:12:00,s_cmh8_3583,142.147.96.126,5000,4178.0,5000,1,Rate limit DKIM
2026-04-15 12:18:18,s_cmh8_3583,142.147.96.126,5750,0.0,5750,1,Rate limit DKIM
2026-04-15 12:18:18,s_cmh8_3583,142.147.96.126,5750,0.0,5750,1,Connection closed
2026-04-15 12:18:18,s_cmh8_3583,142.147.96.126,5750,0.0,5750,1,Rate limit SPF
2026-04-15 12:24:16,s_cmh8_3583,142.147.96.126,6250,5.0,6250,1,Rate limit DKIM
2026-04-15 12:24:16,s_cmh8_3583,142.147.96.126,6250,5.0,6250,1,Connection closed
2026-04-15 12:24:16,s_cmh8_3583,142.147.96.126,6250,5.0,6250,1,Rate limit SPF
2026-04-16 20:08:16,s_cmh8_3583,142.147.96.126,44000,38193.0,5500,8,Rate limit SPF
2026-04-16 20:08:16,s_cmh8_3583,142.147.96.126,44000,38193.0,5500,8,Connection closed
2026-04-16 20:38:08,s_cmh8_3583,142.147.96.126,46000,44941.0,5750,8,Other
2026-04-16 23:18:06,s_cmh8_3583,142.147.96.126,28000,25878.0,7000,4,Connection closed
2026-04-16 23:18:06,s_cmh8_3583,142.147.96.126,28000,25878.0,7000,4,Rate limit SPF
2026-04-17 00:18:15,s_cmh8_3583,142.147.96.126,32000,15472.0,8000,4,Connection closed
2026-04-17 00:18:15,s_cmh8_3583,142.147.96.126,32000,15472.0,8000,4,Rate limit DKIM
2026-04-17 00:18:15,s_cmh8_3583,142.147.96.126,32000,15472.0,8000,4,Rate limit SPF
2026-04-17 01:18:15,s_cmh8_3583,142.147.96.126,28000,18953.0,7000,4,Connection closed
2026-04-17 01:18:15,s_cmh8_3583,142.147.96.126,28000,18953.0,7000,4,Rate limit SPF
2026-04-17 01:18:15,s_cmh8_3583,142.147.96.126,28000,18953.0,7000,4,Rate limit DKIM
2026-04-17 17:37:01,s_cmh8_3583,142.147.96.126,21000,21312.0,3500,6,Other
2026-04-12 03:45:37,s_cmh8_3583,5.135.75.177,9600,7953.0,3200,3,Rate limit SPF
2026-04-13 18:09:01,s_cmh8_3583,5.135.75.177,10080,10084.0,3360,3,Rate limit SPF
2026-04-13 19:57:01,s_cmh8_3583,5.135.75.177,10260,10263.0,3420,3,Rate limit SPF
2026-04-13 20:03:11,s_cmh8_3583,5.135.75.177,4150,2801.0,1383,3,Rate limit SPF
2026-04-13 17:45:06,s_cmh8_3583,5.135.75.178,10290,9707.0,3430,3,Rate limit SPF
2026-04-14 02:16:02,s_cmh8_3583,5.135.75.178,20340,19895.0,6780,3,Rate limit SPF
2026-04-14 02:16:02,s_cmh8_3583,5.135.75.178,20340,19895.0,6780,3,Rate limit DKIM
2026-04-15 00:58:01,s_cmh8_3583,5.135.75.178,18750,17187.0,6250,3,Connection closed
2026-04-15 00:58:01,s_cmh8_3583,5.135.75.178,18750,17187.0,6250,3,Rate limit IP Netblock
2026-04-15 00:58:01,s_cmh8_3583,5.135.75.178,18750,17187.0,6250,3,Rate limit SPF
2026-04-12 05:09:53,s_cmh8_3583,5.135.75.179,9400,6347.0,4700,2,Rate limit SPF
2026-04-12 05:09:53,s_cmh8_3583,5.135.75.179,9400,6347.0,4700,2,Rate limit DKIM
2026-04-14 01:55:06,s_cmh8_3583,5.135.75.179,26700,25062.0,8900,3,Rate limit DKIM
2026-04-14 01:55:06,s_cmh8_3583,5.135.75.179,26700,25062.0,8900,3,Connection closed
2026-04-14 01:55:06,s_cmh8_3583,5.135.75.179,26700,25062.0,8900,3,Rate limit SPF
2026-04-15 01:13:01,s_cmh8_3583,5.135.75.179,19500,13454.0,6500,3,Rate limit IP Netblock
2026-04-15 01:13:01,s_cmh8_3583,5.135.75.179,19500,13454.0,6500,3,Connection closed
2026-04-13 18:15:11,s_cmh8_3583,5.135.75.180,12000,7230.0,4000,3,Connection closed
2026-04-13 18:15:11,s_cmh8_3583,5.135.75.180,12000,7230.0,4000,3,Rate limit SPF
2026-04-14 02:09:01,s_cmh8_3583,5.135.75.180,24150,23992.0,8050,3,Rate limit SPF
2026-04-14 02:45:17,s_cmh8_3583,5.135.75.180,24900,1102.0,8300,3,Rate limit SPF
2026-04-14 02:45:17,s_cmh8_3583,5.135.75.180,24900,1102.0,8300,3,Connection closed
2026-04-15 01:27:17,s_cmh8_3583,5.135.75.180,18000,1006.0,6000,3,Other
2026-04-15 01:27:17,s_cmh8_3583,5.135.75.180,18000,1006.0,6000,3,Connection closed
2026-04-15 01:27:17,s_cmh8_3583,5.135.75.180,18000,1006.0,6000,3,Rate limit DKIM
2026-04-12 04:27:00,s_cmh8_3617,138.226.244.74,3130,698.0,3130,1,Rate limit SPF
2026-04-12 04:27:00,s_cmh8_3617,138.226.244.74,3130,698.0,3130,1,Rate limit DKIM
2026-04-12 04:27:00,s_cmh8_3617,138.226.244.74,3130,698.0,3130,1,Connection closed
2026-04-14 03:14:00,s_cmh8_3617,138.226.244.74,16160,1134.0,8080,2,Connection closed
2026-04-14 03:14:00,s_cmh8_3617,138.226.244.74,16160,1134.0,8080,2,Rate limit DKIM
2026-04-14 03:14:00,s_cmh8_3617,138.226.244.74,16160,1134.0,8080,2,Rate limit IP Netblock
2026-04-15 16:00:00,s_cmh8_3617,138.226.244.74,5750,3327.0,5750,1,Rate limit DKIM
2026-04-15 16:00:00,s_cmh8_3617,138.226.244.74,5750,3327.0,5750,1,Rate limit SPF
2026-04-15 16:00:00,s_cmh8_3617,138.226.244.74,5750,3327.0,5750,1,Connection closed
2026-04-13 18:57:00,s_cmh8_3617,138.226.244.75,3530,106.0,3530,1,Connection closed
2026-04-13 18:57:00,s_cmh8_3617,138.226.244.75,3530,106.0,3530,1,Rate limit DKIM
2026-04-13 18:57:00,s_cmh8_3617,138.226.244.75,3530,106.0,3530,1,Rate limit SPF
2026-04-14 02:52:00,s_cmh8_3617,138.226.244.75,7030,2.0,7030,1,Connection closed
2026-04-14 02:52:00,s_cmh8_3617,138.226.244.75,7030,2.0,7030,1,Rate limit DKIM
2026-04-14 02:52:00,s_cmh8_3617,138.226.244.75,7030,2.0,7030,1,Rate limit SPF
2026-04-13 19:27:01,s_cmh8_3617,138.226.244.77,4100,909.0,4100,1,Rate limit SPF
2026-04-13 19:27:01,s_cmh8_3617,138.226.244.77,4100,909.0,4100,1,Rate limit DKIM
2026-04-13 19:27:01,s_cmh8_3617,138.226.244.77,4100,909.0,4100,1,Connection closed
2026-04-13 19:33:00,s_cmh8_3617,138.226.244.77,3580,25.0,3580,1,Connection closed
2026-04-13 19:33:00,s_cmh8_3617,138.226.244.77,3580,25.0,3580,1,Rate limit DKIM
2026-04-13 19:33:00,s_cmh8_3617,138.226.244.77,3580,25.0,3580,1,Rate limit SPF
2026-04-15 10:27:00,s_cmh8_3617,138.226.244.77,6250,3143.0,6250,1,Rate limit SPF
2026-04-15 10:27:00,s_cmh8_3617,138.226.244.77,6250,3143.0,6250,1,Rate limit DKIM
2026-04-17 15:35:00,s_cmh8_3617,138.226.244.77,13500,12548.0,13500,1,Connection closed
2026-04-17 15:35:00,s_cmh8_3617,138.226.244.77,13500,12548.0,13500,1,Rate limit DKIM
2026-04-13 18:21:30,s_cmh8_3617,5.135.75.178,6960,3906.0,3480,2,Connection closed
2026-04-13 18:21:30,s_cmh8_3617,5.135.75.178,6960,3906.0,3480,2,Rate limit SPF
2026-04-13 18:21:30,s_cmh8_3617,5.135.75.178,6960,3906.0,3480,2,Rate limit DKIM
2026-04-13 18:51:17,s_cmh8_3617,5.135.75.180,8100,6308.0,4050,2,Rate limit SPF
2026-04-13 18:51:17,s_cmh8_3617,5.135.75.180,8100,6308.0,4050,2,Rate limit DKIM
2026-04-12 05:15:30,s_cmh8_3656,5.135.75.177,3260,3261.0,3260,1,Other
2026-04-12 05:21:00,s_cmh8_3656,5.135.75.177,3750,3751.0,3750,1,Other
2026-04-12 05:27:00,s_cmh8_3656,5.135.75.177,3230,7.0,3230,1,Connection closed
2026-04-12 05:27:00,s_cmh8_3656,5.135.75.177,3230,7.0,3230,1,Rate limit DKIM
2026-04-12 04:57:51,s_cmh8_3656,5.135.75.178,3180,841.0,3180,1,Connection closed
2026-04-12 04:57:51,s_cmh8_3656,5.135.75.178,3180,841.0,3180,1,Rate limit SPF
2026-05-12 16:31:00,s_cmh8_3752,104.168.70.83,25300,6631.0,2300,11,Other
2026-05-12 16:31:00,s_cmh8_3752,104.168.70.85,25300,6631.0,2300,11,Rate limit SPF
2026-05-12 16:31:00,s_cmh8_3752,104.168.70.86,25300,6631.0,2300,11,Rate limit SPF
2026-05-12 16:31:00,s_cmh8_3752,104.168.70.86,25300,6631.0,2300,11,Connection closed
2026-05-12 16:31:00,s_cmh8_3752,104.168.70.87,25300,6631.0,2300,11,Rate limit SPF
2026-05-11 16:36:01,s_cmh8_3773,217.18.208.172,10800,1917.0,5400,2,Connection closed
2026-05-11 16:36:01,s_cmh8_3773,217.18.208.172,10800,1917.0,5400,2,Rate limit SPF
2026-05-11 16:36:01,s_cmh8_3773,217.18.208.172,10800,1917.0,5400,2,Connection closed
2026-05-11 16:36:01,s_cmh8_3773,217.18.208.172,10800,1917.0,5400,2,Rate limit SPF
2026-05-12 14:35:00,s_cmh8_3773,217.18.208.172,11400,4449.0,5700,2,Connection closed
2026-05-12 14:35:00,s_cmh8_3773,217.18.208.172,11400,4449.0,5700,2,Rate limit SPF
2026-05-12 14:57:00,s_cmh8_3773,217.18.208.172,15300,12555.0,5100,3,Connection closed
2026-05-12 14:57:00,s_cmh8_3773,217.18.208.172,15300,12555.0,5100,3,Rate limit SPF
2026-05-11 16:36:01,s_cmh8_3773,217.18.208.173,10800,1917.0,5400,2,Rate limit SPF
2026-05-11 16:36:01,s_cmh8_3773,217.18.208.173,10800,1917.0,5400,2,Connection closed
2026-05-11 16:36:01,s_cmh8_3773,217.18.208.173,10800,1917.0,5400,2,Rate limit SPF
2026-05-11 16:36:01,s_cmh8_3773,217.18.208.173,10800,1917.0,5400,2,Connection closed
2026-05-12 14:35:00,s_cmh8_3773,217.18.208.173,11400,4449.0,5700,2,Connection closed
2026-05-12 14:35:00,s_cmh8_3773,217.18.208.173,11400,4449.0,5700,2,Rate limit SPF
2026-05-12 14:57:00,s_cmh8_3773,217.18.208.173,15300,12555.0,5100,3,Rate limit SPF
2026-05-12 14:57:00,s_cmh8_3773,217.18.208.173,15300,12555.0,5100,3,Connection closed
2026-05-11 13:13:00,s_cmh8_3773,217.18.208.174,21000,848.0,4200,5,Connection closed
2026-05-11 13:13:00,s_cmh8_3773,217.18.208.174,21000,848.0,4200,5,Rate limit SPF
2026-05-11 13:13:00,s_cmh8_3773,217.18.208.174,21000,848.0,4200,5,Connection closed
2026-05-11 13:13:00,s_cmh8_3773,217.18.208.174,21000,848.0,4200,5,Rate limit SPF
2026-05-11 15:16:01,s_cmh8_3773,217.18.208.174,9600,15502.0,4800,2,Other
2026-05-11 15:16:01,s_cmh8_3773,217.18.208.174,9600,15502.0,4800,2,Other
2026-05-11 15:17:23,s_cmh8_3773,217.18.208.174,12450,231.0,4150,3,Other
2026-05-11 15:17:23,s_cmh8_3773,217.18.208.174,12450,231.0,4150,3,Other
2026-05-11 16:19:00,s_cmh8_3773,217.18.208.174,13350,3464.0,4450,3,Connection closed
2026-05-11 16:19:00,s_cmh8_3773,217.18.208.174,13350,3464.0,4450,3,Rate limit SPF
2026-05-11 16:19:00,s_cmh8_3773,217.18.208.174,13350,3464.0,4450,3,Connection closed
2026-05-11 16:19:00,s_cmh8_3773,217.18.208.174,13350,3464.0,4450,3,Rate limit SPF
2026-05-12 14:57:00,s_cmh8_3773,217.18.208.174,15300,12555.0,5100,3,Rate limit SPF
2026-05-12 14:57:00,s_cmh8_3773,217.18.208.174,15300,12555.0,5100,3,Connection closed
2026-05-12 15:00:00,s_cmh8_3773,217.18.208.174,11800,21884.0,5900,2,Rate limit SPF
2026-05-12 15:00:00,s_cmh8_3773,217.18.208.174,11800,21884.0,5900,2,Connection closed
2026-05-11 13:13:00,s_cmh8_3773,217.18.208.175,21000,848.0,4200,5,Rate limit SPF
2026-05-11 13:13:00,s_cmh8_3773,217.18.208.175,21000,848.0,4200,5,Connection closed
2026-05-11 13:13:00,s_cmh8_3773,217.18.208.175,21000,848.0,4200,5,Rate limit SPF
2026-05-11 13:13:00,s_cmh8_3773,217.18.208.175,21000,848.0,4200,5,Connection closed
2026-05-11 16:19:00,s_cmh8_3773,217.18.208.175,13350,3464.0,4450,3,Connection closed
2026-05-11 16:19:00,s_cmh8_3773,217.18.208.175,13350,3464.0,4450,3,Rate limit SPF
2026-05-11 16:19:00,s_cmh8_3773,217.18.208.175,13350,3464.0,4450,3,Connection closed
2026-05-11 16:19:00,s_cmh8_3773,217.18.208.175,13350,3464.0,4450,3,Rate limit SPF
2026-05-12 14:57:00,s_cmh8_3773,217.18.208.175,15300,12555.0,5100,3,Connection closed
2026-05-12 14:57:00,s_cmh8_3773,217.18.208.175,15300,12555.0,5100,3,Rate limit SPF
2026-05-12 15:00:00,s_cmh8_3773,217.18.208.175,11800,21884.0,5900,2,Rate limit SPF
2026-05-12 15:00:00,s_cmh8_3773,217.18.208.175,11800,21884.0,5900,2,Connection closed
2026-05-11 13:13:00,s_cmh8_3773,217.18.208.176,21000,848.0,4200,5,Connection closed
2026-05-11 13:13:00,s_cmh8_3773,217.18.208.176,21000,848.0,4200,5,Rate limit SPF
2026-05-11 13:13:00,s_cmh8_3773,217.18.208.176,21000,848.0,4200,5,Connection closed
2026-05-11 13:13:00,s_cmh8_3773,217.18.208.176,21000,848.0,4200,5,Rate limit SPF
2026-05-11 16:19:00,s_cmh8_3773,217.18.208.176,13350,3464.0,4450,3,Connection closed
2026-05-11 16:19:00,s_cmh8_3773,217.18.208.176,13350,3464.0,4450,3,Rate limit SPF
2026-05-11 16:19:00,s_cmh8_3773,217.18.208.176,13350,3464.0,4450,3,Connection closed
2026-05-11 16:19:00,s_cmh8_3773,217.18.208.176,13350,3464.0,4450,3,Rate limit SPF
2026-05-12 14:57:00,s_cmh8_3773,217.18.208.176,15300,12555.0,5100,3,Connection closed
2026-05-12 14:57:00,s_cmh8_3773,217.18.208.176,15300,12555.0,5100,3,Rate limit SPF
2026-05-12 15:00:00,s_cmh8_3773,217.18.208.176,11800,21884.0,5900,2,Connection closed
2026-05-12 15:00:00,s_cmh8_3773,217.18.208.176,11800,21884.0,5900,2,Rate limit SPF
2026-04-13 18:37:01,s_cmh9_5687,23.231.25.47,189000,138923.0,7000,27,Other
2026-04-15 00:07:01,s_cmh9_5687,23.231.25.47,432000,303107.0,16000,27,Connection closed
2026-04-13 18:37:01,s_cmh9_5687,23.231.25.49,189000,138923.0,7000,27,Other
2026-04-15 00:07:01,s_cmh9_5687,23.231.25.49,432000,303107.0,16000,27,Connection closed
2026-04-15 00:07:01,s_cmh9_5687,23.231.25.51,432000,303107.0,16000,27,Connection closed
2026-04-13 18:37:01,s_cmh9_5687,23.231.25.52,189000,138923.0,7000,27,Other
2026-04-15 00:07:01,s_cmh9_5687,23.231.25.53,432000,303107.0,16000,27,Connection closed
2026-04-15 10:24:15,s_cmh9_5687,23.231.25.53,351000,289596.0,13000,27,Other
2026-04-15 10:24:15,s_cmh9_5687,23.231.25.53,351000,289596.0,13000,27,Other
2026-04-14 22:07:01,s_cmh9_5687,23.231.25.54,351000,94671.0,13000,27,Other
2026-04-14 23:27:01,s_cmh9_5687,23.231.25.54,405000,205001.0,15000,27,Other
2026-04-15 00:07:01,s_cmh9_5687,23.231.25.54,432000,303107.0,16000,27,Connection closed
2026-04-13 20:17:01,s_cmh9_5687,23.231.25.55,297000,252905.0,11000,27,Other
2026-04-15 00:07:01,s_cmh9_5687,23.231.25.55,432000,303107.0,16000,27,Connection closed
2026-04-15 10:24:15,s_cmh9_5687,23.231.25.55,351000,289596.0,13000,27,Connection closed
2026-04-15 10:24:15,s_cmh9_5687,23.231.25.55,351000,289596.0,13000,27,Connection closed
2026-04-15 00:07:01,s_cmh9_5687,23.231.25.56,432000,303107.0,16000,27,Connection closed
2026-04-15 10:24:15,s_cmh9_5687,23.231.25.57,351000,289596.0,13000,27,Other
2026-04-15 10:24:15,s_cmh9_5687,23.231.25.57,351000,289596.0,13000,27,Other
2026-04-15 00:07:01,s_cmh9_5687,23.231.25.58,432000,303107.0,16000,27,Connection closed
2026-04-13 20:17:01,s_cmh9_5687,23.231.25.59,297000,252905.0,11000,27,Other
2026-04-15 12:33:05,s_cmh9_5687,89.116.64.219,338000,156831.0,13000,26,Rate limit SPF
2026-04-15 12:33:05,s_cmh9_5687,89.116.64.219,338000,156831.0,13000,26,Connection closed
2026-04-15 12:33:05,s_cmh9_5687,89.116.64.219,338000,156831.0,13000,26,Rate limit SPF
2026-04-15 12:33:05,s_cmh9_5687,89.116.64.219,338000,156831.0,13000,26,Connection closed
2026-04-15 13:13:03,s_cmh9_5687,89.116.64.219,338000,236328.0,13000,26,Rate limit SPF
2026-04-15 13:13:03,s_cmh9_5687,89.116.64.219,338000,236328.0,13000,26,Connection closed
2026-04-15 13:13:03,s_cmh9_5687,89.116.64.219,338000,236328.0,13000,26,Rate limit SPF
2026-04-15 13:13:03,s_cmh9_5687,89.116.64.219,338000,236328.0,13000,26,Connection closed
2026-04-15 12:33:05,s_cmh9_5687,89.116.64.220,338000,156831.0,13000,26,Connection closed
2026-04-15 12:33:05,s_cmh9_5687,89.116.64.220,338000,156831.0,13000,26,Rate limit SPF
2026-04-15 12:33:05,s_cmh9_5687,89.116.64.220,338000,156831.0,13000,26,Connection closed
2026-04-15 12:33:05,s_cmh9_5687,89.116.64.220,338000,156831.0,13000,26,Rate limit SPF
2026-04-15 13:13:03,s_cmh9_5687,89.116.64.220,338000,236328.0,13000,26,Connection closed
2026-04-15 13:13:03,s_cmh9_5687,89.116.64.220,338000,236328.0,13000,26,Rate limit SPF
2026-04-15 13:13:03,s_cmh9_5687,89.116.64.220,338000,236328.0,13000,26,Connection closed
2026-04-15 13:13:03,s_cmh9_5687,89.116.64.220,338000,236328.0,13000,26,Rate limit SPF
2026-04-15 12:33:05,s_cmh9_5687,89.116.64.240,338000,156831.0,13000,26,Connection closed
2026-04-15 12:33:05,s_cmh9_5687,89.116.64.240,338000,156831.0,13000,26,Rate limit SPF
2026-04-15 12:33:05,s_cmh9_5687,89.116.64.240,338000,156831.0,13000,26,Connection closed
2026-04-15 12:33:05,s_cmh9_5687,89.116.64.240,338000,156831.0,13000,26,Rate limit SPF
2026-04-15 13:13:03,s_cmh9_5687,89.116.64.240,338000,236328.0,13000,26,Connection closed
2026-04-15 13:13:03,s_cmh9_5687,89.116.64.240,338000,236328.0,13000,26,Rate limit SPF
2026-04-15 13:13:03,s_cmh9_5687,89.116.64.240,338000,236328.0,13000,26,Connection closed
2026-04-15 13:13:03,s_cmh9_5687,89.116.64.240,338000,236328.0,13000,26,Rate limit SPF
2026-04-15 12:33:05,s_cmh9_5687,89.117.12.14,338000,156831.0,13000,26,Connection closed
2026-04-15 12:33:05,s_cmh9_5687,89.117.12.14,338000,156831.0,13000,26,Rate limit SPF
2026-04-15 12:33:05,s_cmh9_5687,89.117.12.14,338000,156831.0,13000,26,Connection closed
2026-04-15 12:33:05,s_cmh9_5687,89.117.12.14,338000,156831.0,13000,26,Rate limit SPF
2026-04-15 13:13:03,s_cmh9_5687,89.117.12.14,338000,236328.0,13000,26,Connection closed
2026-04-15 13:13:03,s_cmh9_5687,89.117.12.14,338000,236328.0,13000,26,Rate limit SPF
2026-04-15 13:13:03,s_cmh9_5687,89.117.12.14,338000,236328.0,13000,26,Connection closed
2026-04-15 13:13:03,s_cmh9_5687,89.117.12.14,338000,236328.0,13000,26,Rate limit SPF
2026-04-15 12:33:05,s_cmh9_5687,89.117.12.18,338000,156831.0,13000,26,Connection closed
2026-04-15 12:33:05,s_cmh9_5687,89.117.12.18,338000,156831.0,13000,26,Rate limit SPF
2026-04-15 12:33:05,s_cmh9_5687,89.117.12.18,338000,156831.0,13000,26,Connection closed
2026-04-15 12:33:05,s_cmh9_5687,89.117.12.18,338000,156831.0,13000,26,Rate limit SPF
2026-04-15 13:13:03,s_cmh9_5687,89.117.12.18,338000,236328.0,13000,26,Rate limit SPF
2026-04-15 13:13:03,s_cmh9_5687,89.117.12.18,338000,236328.0,13000,26,Connection closed
2026-04-15 13:13:03,s_cmh9_5687,89.117.12.18,338000,236328.0,13000,26,Rate limit SPF
2026-04-15 13:13:03,s_cmh9_5687,89.117.12.18,338000,236328.0,13000,26,Connection closed
2026-04-15 13:13:03,s_cmh9_5687,89.117.12.26,338000,236328.0,13000,26,Other
2026-04-15 13:13:03,s_cmh9_5687,89.117.12.26,338000,236328.0,13000,26,Other
2026-04-15 12:33:05,s_cmh9_5687,89.117.12.28,338000,156831.0,13000,26,Rate limit SPF
2026-04-15 12:33:05,s_cmh9_5687,89.117.12.28,338000,156831.0,13000,26,Connection closed
2026-04-15 12:33:05,s_cmh9_5687,89.117.12.28,338000,156831.0,13000,26,Rate limit SPF
2026-04-15 12:33:05,s_cmh9_5687,89.117.12.28,338000,156831.0,13000,26,Connection closed
2026-04-15 13:13:03,s_cmh9_5687,89.117.12.28,338000,236328.0,13000,26,Connection closed
2026-04-15 13:13:03,s_cmh9_5687,89.117.12.28,338000,236328.0,13000,26,Rate limit SPF
2026-04-15 13:13:03,s_cmh9_5687,89.117.12.28,338000,236328.0,13000,26,Connection closed
2026-04-15 13:13:03,s_cmh9_5687,89.117.12.28,338000,236328.0,13000,26,Rate limit SPF
2026-04-13 19:02:01,s_cmh9_5687,91.223.3.150,216000,215995.0,8000,27,Other
2026-04-14 23:27:01,s_cmh9_5687,91.223.3.150,405000,205001.0,15000,27,Other
2026-04-16 12:08:10,s_cmh9_5687,91.223.3.150,195000,108073.0,15000,13,Other
2026-04-13 19:27:01,s_cmh9_5687,91.223.3.186,243000,243000.0,9000,27,Other
2026-04-13 20:42:01,s_cmh9_5687,91.223.3.186,324000,251910.0,12000,27,Other
2026-04-15 00:07:01,s_cmh9_5687,91.223.3.186,432000,303107.0,16000,27,Other
2026-04-16 12:08:10,s_cmh9_5687,91.223.3.186,195000,108073.0,15000,13,Other
2026-04-13 19:27:01,s_cmh9_5687,91.223.3.187,243000,243000.0,9000,27,Other
2026-04-13 19:27:01,s_cmh9_5687,91.223.3.187,243000,243000.0,9000,27,Connection closed
2026-04-15 13:13:03,s_cmh9_5687,91.223.3.187,338000,236328.0,13000,26,Other
2026-04-15 13:13:03,s_cmh9_5687,91.223.3.187,338000,236328.0,13000,26,Other
2026-04-16 12:08:10,s_cmh9_5687,91.223.3.187,195000,108073.0,15000,13,Other
2026-04-15 10:24:15,s_cmh9_5687,91.223.3.189,351000,289596.0,13000,27,Other
2026-04-15 10:24:15,s_cmh9_5687,91.223.3.189,351000,289596.0,13000,27,Other
2026-04-15 14:33:03,s_cmh9_5687,91.223.3.189,182000,181927.0,13000,14,Other
2026-04-15 14:33:03,s_cmh9_5687,91.223.3.189,182000,181927.0,13000,14,Other
2026-04-16 12:08:10,s_cmh9_5687,91.223.3.189,195000,108073.0,15000,13,Other
2026-04-16 12:48:08,s_cmh9_5687,91.223.3.189,221000,88609.0,17000,13,Other
2026-04-13 19:27:01,s_cmh9_5687,91.223.3.194,243000,243000.0,9000,27,Connection closed
2026-04-15 00:07:01,s_cmh9_5687,91.223.3.194,432000,303107.0,16000,27,Connection closed
2026-04-16 10:48:09,s_cmh9_5687,91.223.3.194,196000,196001.0,14000,14,Other
2026-04-16 12:08:10,s_cmh9_5687,91.223.3.194,195000,108073.0,15000,13,Other
2026-04-13 17:22:01,s_cmh9_5687,91.223.3.195,108000,108009.0,4000,27,Other
2026-04-15 23:18:00,s_cmh9_5687,91.223.3.195,182000,237333.0,13000,14,Other
2026-04-16 12:08:10,s_cmh9_5687,91.223.3.195,195000,108073.0,15000,13,Other
2026-04-13 19:27:01,s_cmh9_5687,91.223.3.196,243000,243000.0,9000,27,Connection closed
2026-04-13 20:17:01,s_cmh9_5687,91.223.3.196,297000,252905.0,11000,27,Other
2026-04-15 10:24:15,s_cmh9_5687,91.223.3.196,351000,289596.0,13000,27,Other
2026-04-15 10:24:15,s_cmh9_5687,91.223.3.196,351000,289596.0,13000,27,Other
2026-04-16 12:08:10,s_cmh9_5687,91.223.3.196,195000,108073.0,15000,13,Other
2026-04-12 20:29:00,s_cmh9_5687,91.223.3.197,42000,36138.0,3000,14,Rate limit DKIM
2026-04-12 20:29:00,s_cmh9_5687,91.223.3.197,42000,36138.0,3000,14,Rate limit SPF
2026-04-12 20:29:00,s_cmh9_5687,91.223.3.197,42000,36138.0,3000,14,Connection closed
2026-04-16 10:48:09,s_cmh9_5687,91.223.3.197,196000,196001.0,14000,14,Other
2026-04-16 12:08:10,s_cmh9_5687,91.223.3.197,195000,108073.0,15000,13,Other
2026-04-12 20:29:00,s_cmh9_5687,91.223.3.198,42000,36138.0,3000,14,Connection closed
2026-04-12 20:29:00,s_cmh9_5687,91.223.3.198,42000,36138.0,3000,14,Rate limit SPF
2026-04-12 20:29:00,s_cmh9_5687,91.223.3.198,42000,36138.0,3000,14,Rate limit DKIM
2026-04-13 19:02:01,s_cmh9_5687,91.223.3.198,216000,215995.0,8000,27,Other
2026-04-12 20:29:00,s_cmh9_5687,91.223.3.199,42000,36138.0,3000,14,Rate limit DKIM
2026-04-12 20:29:00,s_cmh9_5687,91.223.3.199,42000,36138.0,3000,14,Connection closed
2026-04-12 20:29:00,s_cmh9_5687,91.223.3.199,42000,36138.0,3000,14,Rate limit SPF
2026-04-15 10:24:15,s_cmh9_5687,91.223.3.199,351000,289596.0,13000,27,Other
2026-04-15 10:24:15,s_cmh9_5687,91.223.3.199,351000,289596.0,13000,27,Other
2026-04-15 10:24:15,s_cmh9_5687,91.223.3.200,351000,289596.0,13000,27,Other
2026-04-15 10:24:15,s_cmh9_5687,91.223.3.200,351000,289596.0,13000,27,Other
2026-04-16 10:48:09,s_cmh9_5687,91.223.3.200,196000,196001.0,14000,14,Other
2026-04-15 10:24:15,s_cmh9_5687,91.223.3.204,351000,289596.0,13000,27,Other
2026-04-15 10:24:15,s_cmh9_5687,91.223.3.204,351000,289596.0,13000,27,Other
2026-04-15 14:33:03,s_cmh9_5687,91.223.3.204,182000,181927.0,13000,14,Other
2026-04-15 14:33:03,s_cmh9_5687,91.223.3.204,182000,181927.0,13000,14,Other
2026-04-16 11:28:09,s_cmh9_5687,91.223.3.204,252000,135607.0,18000,14,Rate limit DKIM
2026-04-16 11:28:09,s_cmh9_5687,91.223.3.204,252000,135607.0,18000,14,Rate limit SPF
2026-04-16 11:28:09,s_cmh9_5687,91.223.3.204,252000,135607.0,18000,14,Other
2026-04-13 19:27:01,s_cmh9_5687,91.223.3.208,243000,243000.0,9000,27,Connection closed
2026-04-16 10:48:09,s_cmh9_5687,91.223.3.208,196000,196001.0,14000,14,Other
2026-04-16 12:08:10,s_cmh9_5687,91.223.3.208,195000,108073.0,15000,13,Other
2026-04-15 00:07:01,s_cmh9_5687,91.223.3.209,432000,303107.0,16000,27,Connection closed
2026-04-16 10:48:09,s_cmh9_5687,91.223.3.209,196000,196001.0,14000,14,Other
2026-04-16 11:28:09,s_cmh9_5687,91.223.3.209,252000,135607.0,18000,14,Other
2026-04-16 12:08:10,s_cmh9_5687,91.223.3.209,195000,108073.0,15000,13,Other
2026-04-12 19:50:01,s_cmh9_5689,23.231.25.47,39000,297869.0,3000,13,Rate limit SPF
2026-04-12 19:50:01,s_cmh9_5689,23.231.25.47,39000,297869.0,3000,13,Rate limit DKIM
2026-04-15 11:56:09,s_cmh9_5689,23.231.25.55,169000,168728.0,13000,13,Other
2026-04-15 11:56:09,s_cmh9_5689,23.231.25.55,169000,168728.0,13000,13,Other
2026-04-12 19:50:01,s_cmh9_5689,23.231.25.57,39000,297869.0,3000,13,Rate limit DKIM
2026-04-12 19:50:01,s_cmh9_5689,23.231.25.57,39000,297869.0,3000,13,Rate limit SPF
2026-04-12 19:50:01,s_cmh9_5689,23.231.25.57,39000,297869.0,3000,13,Connection closed
2026-04-12 19:41:00,s_cmh9_5698,144.31.117.11,192000,192143.0,24000,8,Other
2026-04-12 03:43:00,s_cmh9_5698,144.31.117.123,168000,168006.0,24000,7,Other
2026-04-12 04:53:00,s_cmh9_5698,144.31.117.123,168000,168027.0,24000,7,Other
2026-04-12 20:41:00,s_cmh9_5698,144.31.117.123,168000,87994.0,24000,7,Other
2026-04-12 03:43:00,s_cmh9_5698,144.31.117.149,168000,168006.0,24000,7,Other
2026-04-12 20:11:00,s_cmh9_5698,144.31.117.149,168000,167974.0,24000,7,Connection closed
2026-04-12 19:41:00,s_cmh9_5698,144.31.117.98,192000,192143.0,24000,8,Other
2026-04-12 04:53:00,s_cmh9_5698,144.31.138.131,168000,168027.0,24000,7,Other
2026-04-12 20:11:00,s_cmh9_5698,144.31.138.131,168000,167974.0,24000,7,Connection closed
2026-04-12 04:53:00,s_cmh9_5698,144.31.139.217,168000,168027.0,24000,7,Other
2026-04-12 19:41:00,s_cmh9_5698,144.31.139.61,192000,192143.0,24000,8,Other
2026-04-12 20:41:00,s_cmh9_5698,144.31.139.61,168000,87994.0,24000,7,Other
2026-04-12 19:41:00,s_cmh9_5698,144.31.84.7,192000,192143.0,24000,8,Rate limit DKIM
2026-04-14 20:36:00,s_cmh9_5702,89.116.64.219,80000,36750.0,20000,4,Rate limit SPF
2026-04-14 20:36:00,s_cmh9_5702,89.116.64.219,80000,36750.0,20000,4,Connection closed
2026-04-14 21:06:01,s_cmh9_5702,89.116.64.219,84000,8251.0,21000,4,Rate limit SPF
2026-04-14 21:06:01,s_cmh9_5702,89.116.64.219,84000,8251.0,21000,4,Connection closed
2026-04-14 22:19:02,s_cmh9_5702,89.116.64.219,204000,75251.0,17000,12,Connection closed
2026-04-14 22:19:02,s_cmh9_5702,89.116.64.219,204000,75251.0,17000,12,Rate limit SPF
2026-04-14 22:59:00,s_cmh9_5702,89.116.64.219,168000,56351.0,14000,12,Rate limit SPF
2026-04-14 22:59:00,s_cmh9_5702,89.116.64.219,168000,56351.0,14000,12,Connection closed
2026-04-14 23:39:00,s_cmh9_5702,89.116.64.219,70000,10080.0,10000,7,Rate limit SPF
2026-04-14 23:39:00,s_cmh9_5702,89.116.64.219,70000,10080.0,10000,7,Connection closed
2026-04-16 14:38:04,s_cmh9_5702,89.116.64.219,84000,81605.0,7000,12,Other
2026-04-13 18:48:00,s_cmh9_5702,89.116.64.220,84000,84005.0,7000,12,Other
2026-04-13 20:03:01,s_cmh9_5702,89.116.64.220,120000,117966.0,10000,12,Other
2026-04-14 20:06:01,s_cmh9_5702,89.116.64.220,114000,96798.0,19000,6,Connection closed
2026-04-14 20:06:01,s_cmh9_5702,89.116.64.220,114000,96798.0,19000,6,Rate limit SPF
2026-04-14 20:36:00,s_cmh9_5702,89.116.64.220,80000,36750.0,20000,4,Connection closed
2026-04-14 20:36:00,s_cmh9_5702,89.116.64.220,80000,36750.0,20000,4,Rate limit SPF
2026-04-14 21:06:01,s_cmh9_5702,89.116.64.220,84000,8251.0,21000,4,Rate limit SPF
2026-04-14 21:06:01,s_cmh9_5702,89.116.64.220,84000,8251.0,21000,4,Connection closed
2026-04-14 22:19:02,s_cmh9_5702,89.116.64.220,204000,75251.0,17000,12,Rate limit SPF
2026-04-14 22:19:02,s_cmh9_5702,89.116.64.220,204000,75251.0,17000,12,Connection closed
2026-04-14 22:59:00,s_cmh9_5702,89.116.64.220,168000,56351.0,14000,12,Connection closed
2026-04-14 22:59:00,s_cmh9_5702,89.116.64.220,168000,56351.0,14000,12,Rate limit SPF
2026-04-14 23:39:00,s_cmh9_5702,89.116.64.220,70000,10080.0,10000,7,Rate limit SPF
2026-04-14 23:39:00,s_cmh9_5702,89.116.64.220,70000,10080.0,10000,7,Connection closed
2026-04-13 18:23:00,s_cmh9_5702,89.116.64.240,72000,71595.0,6000,12,Other
2026-04-13 20:03:01,s_cmh9_5702,89.116.64.240,120000,117966.0,10000,12,Connection closed
2026-04-14 21:06:01,s_cmh9_5702,89.116.64.240,84000,8251.0,21000,4,Connection closed
2026-04-14 21:06:01,s_cmh9_5702,89.116.64.240,84000,8251.0,21000,4,Rate limit SPF
2026-04-14 22:19:02,s_cmh9_5702,89.116.64.240,204000,75251.0,17000,12,Connection closed
2026-04-14 22:19:02,s_cmh9_5702,89.116.64.240,204000,75251.0,17000,12,Rate limit SPF
2026-04-14 22:59:00,s_cmh9_5702,89.116.64.240,168000,56351.0,14000,12,Connection closed
2026-04-14 22:59:00,s_cmh9_5702,89.116.64.240,168000,56351.0,14000,12,Rate limit SPF
2026-04-14 23:39:00,s_cmh9_5702,89.116.64.240,70000,10080.0,10000,7,Rate limit SPF
2026-04-14 23:39:00,s_cmh9_5702,89.116.64.240,70000,10080.0,10000,7,Connection closed
2026-04-13 19:38:00,s_cmh9_5702,89.117.12.14,108000,108005.0,9000,12,Other
2026-04-14 19:06:00,s_cmh9_5702,89.117.12.14,102000,101834.0,17000,6,Other
2026-04-14 20:36:00,s_cmh9_5702,89.117.12.14,80000,36750.0,20000,4,Rate limit SPF
2026-04-14 20:36:00,s_cmh9_5702,89.117.12.14,80000,36750.0,20000,4,Connection closed
2026-04-14 21:06:01,s_cmh9_5702,89.117.12.14,84000,8251.0,21000,4,Connection closed
2026-04-14 21:06:01,s_cmh9_5702,89.117.12.14,84000,8251.0,21000,4,Rate limit SPF
2026-04-14 22:19:02,s_cmh9_5702,89.117.12.14,204000,75251.0,17000,12,Rate limit SPF
2026-04-14 22:19:02,s_cmh9_5702,89.117.12.14,204000,75251.0,17000,12,Connection closed
2026-04-14 22:59:00,s_cmh9_5702,89.117.12.14,168000,56351.0,14000,12,Rate limit SPF
2026-04-14 22:59:00,s_cmh9_5702,89.117.12.14,168000,56351.0,14000,12,Connection closed
2026-04-14 23:39:00,s_cmh9_5702,89.117.12.14,70000,10080.0,10000,7,Rate limit SPF
2026-04-14 23:39:00,s_cmh9_5702,89.117.12.14,70000,10080.0,10000,7,Connection closed
2026-04-14 20:06:01,s_cmh9_5702,89.117.12.18,114000,96798.0,19000,6,Rate limit SPF
2026-04-14 20:06:01,s_cmh9_5702,89.117.12.18,114000,96798.0,19000,6,Connection closed
2026-04-14 20:06:01,s_cmh9_5702,89.117.12.18,114000,96798.0,19000,6,Rate limit DKIM
2026-04-14 22:19:02,s_cmh9_5702,89.117.12.18,204000,75251.0,17000,12,Connection closed
2026-04-14 22:19:02,s_cmh9_5702,89.117.12.18,204000,75251.0,17000,12,Rate limit SPF
2026-04-14 22:59:00,s_cmh9_5702,89.117.12.18,168000,56351.0,14000,12,Rate limit SPF
2026-04-14 22:59:00,s_cmh9_5702,89.117.12.18,168000,56351.0,14000,12,Connection closed
2026-04-14 23:39:00,s_cmh9_5702,89.117.12.18,70000,10080.0,10000,7,Rate limit SPF
2026-04-14 23:39:00,s_cmh9_5702,89.117.12.18,70000,10080.0,10000,7,Connection closed
2026-04-13 20:28:00,s_cmh9_5702,89.117.12.21,121000,105734.0,11000,11,Connection closed
2026-04-13 20:28:00,s_cmh9_5702,89.117.12.21,121000,105734.0,11000,11,Rate limit DKIM
2026-04-13 20:28:00,s_cmh9_5702,89.117.12.21,121000,105734.0,11000,11,Rate limit SPF
2026-04-14 22:59:00,s_cmh9_5702,89.117.12.21,168000,56351.0,14000,12,Connection closed
2026-04-14 22:59:00,s_cmh9_5702,89.117.12.21,168000,56351.0,14000,12,Rate limit SPF
2026-04-14 22:59:00,s_cmh9_5702,89.117.12.21,168000,56351.0,14000,12,Rate limit DKIM
2026-04-14 22:59:00,s_cmh9_5702,89.117.12.26,168000,56351.0,14000,12,Rate limit DKIM
2026-04-14 22:59:00,s_cmh9_5702,89.117.12.26,168000,56351.0,14000,12,Connection closed
2026-04-14 22:59:00,s_cmh9_5702,89.117.12.26,168000,56351.0,14000,12,Rate limit SPF
2026-04-14 20:06:01,s_cmh9_5702,89.117.12.28,114000,96798.0,19000,6,Rate limit DKIM
2026-04-14 20:06:01,s_cmh9_5702,89.117.12.28,114000,96798.0,19000,6,Connection closed
2026-04-14 20:06:01,s_cmh9_5702,89.117.12.28,114000,96798.0,19000,6,Rate limit SPF
2026-04-14 22:19:02,s_cmh9_5702,89.117.12.28,204000,75251.0,17000,12,Connection closed
2026-04-14 22:19:02,s_cmh9_5702,89.117.12.28,204000,75251.0,17000,12,Rate limit SPF
2026-04-14 22:59:00,s_cmh9_5702,89.117.12.28,168000,56351.0,14000,12,Rate limit SPF
2026-04-14 22:59:00,s_cmh9_5702,89.117.12.28,168000,56351.0,14000,12,Connection closed
2026-04-14 23:39:00,s_cmh9_5702,89.117.12.28,70000,10080.0,10000,7,Connection closed
2026-04-14 23:39:00,s_cmh9_5702,89.117.12.28,70000,10080.0,10000,7,Rate limit SPF
2026-04-13 20:28:00,s_cmh9_5702,89.117.12.45,121000,105734.0,11000,11,Connection closed
2026-04-13 20:28:00,s_cmh9_5702,89.117.12.45,121000,105734.0,11000,11,Rate limit SPF
2026-04-13 20:28:00,s_cmh9_5702,89.117.12.45,121000,105734.0,11000,11,Rate limit DKIM
2026-04-14 22:59:00,s_cmh9_5702,89.117.12.45,168000,56351.0,14000,12,Rate limit SPF
2026-04-14 22:59:00,s_cmh9_5702,89.117.12.45,168000,56351.0,14000,12,Connection closed
2026-04-14 22:59:00,s_cmh9_5702,89.117.12.45,168000,56351.0,14000,12,Rate limit DKIM
2026-04-13 20:28:00,s_cmh9_5702,89.117.12.48,121000,105734.0,11000,11,Rate limit DKIM
2026-04-13 20:28:00,s_cmh9_5702,89.117.12.48,121000,105734.0,11000,11,Rate limit SPF
2026-04-13 20:03:01,s_cmh9_5702,89.117.12.8,120000,117966.0,10000,12,Rate limit SPF
2026-04-13 20:03:01,s_cmh9_5702,89.117.12.8,120000,117966.0,10000,12,Connection closed
2026-04-13 20:03:01,s_cmh9_5702,89.117.12.8,120000,117966.0,10000,12,Rate limit DKIM
2026-04-14 22:59:00,s_cmh9_5702,89.117.12.8,168000,56351.0,14000,12,Rate limit DKIM
2026-04-14 22:59:00,s_cmh9_5702,89.117.12.8,168000,56351.0,14000,12,Connection closed
2026-04-14 22:59:00,s_cmh9_5702,89.117.12.8,168000,56351.0,14000,12,Rate limit SPF
2026-04-13 20:28:00,s_cmh9_5702,89.117.12.9,121000,105734.0,11000,11,Connection closed
2026-04-13 20:28:00,s_cmh9_5702,89.117.12.9,121000,105734.0,11000,11,Rate limit SPF
2026-04-13 20:28:00,s_cmh9_5702,89.117.12.9,121000,105734.0,11000,11,Rate limit DKIM
2026-04-14 22:59:00,s_cmh9_5702,89.117.12.9,168000,56351.0,14000,12,Connection closed
2026-04-14 22:59:00,s_cmh9_5702,89.117.12.9,168000,56351.0,14000,12,Rate limit DKIM
2026-04-14 22:59:00,s_cmh9_5702,89.117.12.9,168000,56351.0,14000,12,Rate limit SPF
2026-05-12 11:22:01,s_warmup,104.128.50.72,31900,20295.0,2900,11,Connection closed
2026-05-12 11:22:01,s_warmup,104.128.50.72,31900,20295.0,2900,11,Rate limit DKIM
2026-05-12 11:22:01,s_warmup,104.128.50.72,31900,20295.0,2900,11,Rate limit SPF
2026-05-12 11:23:02,s_warmup,104.128.50.72,34100,1732.0,3100,11,Connection closed
2026-05-12 11:23:02,s_warmup,104.128.50.72,34100,1732.0,3100,11,Rate limit DKIM
2026-05-12 11:23:02,s_warmup,104.128.50.72,34100,1732.0,3100,11,Rate limit SPF
2026-05-12 12:42:01,s_warmup,104.128.50.72,30800,1610.0,2800,11,Rate limit SPF
2026-05-12 12:42:01,s_warmup,104.128.50.72,30800,1610.0,2800,11,Rate limit DKIM
2026-05-12 11:22:01,s_warmup,104.128.50.73,31900,20295.0,2900,11,Connection closed
2026-05-12 11:22:01,s_warmup,104.128.50.73,31900,20295.0,2900,11,Rate limit DKIM
2026-05-12 11:22:01,s_warmup,104.128.50.73,31900,20295.0,2900,11,Rate limit SPF
2026-05-12 11:23:02,s_warmup,104.128.50.73,34100,1732.0,3100,11,Connection closed
2026-05-12 11:23:02,s_warmup,104.128.50.73,34100,1732.0,3100,11,Rate limit DKIM
2026-05-12 11:23:02,s_warmup,104.128.50.73,34100,1732.0,3100,11,Rate limit SPF
2026-05-12 12:42:01,s_warmup,104.128.50.73,30800,1610.0,2800,11,Rate limit DKIM
2026-05-12 12:42:01,s_warmup,104.128.50.73,30800,1610.0,2800,11,Connection closed
2026-05-12 12:42:01,s_warmup,104.128.50.73,30800,1610.0,2800,11,Rate limit SPF
2026-05-12 11:22:01,s_warmup,104.128.50.74,31900,20295.0,2900,11,Rate limit DKIM
2026-05-12 11:22:01,s_warmup,104.128.50.74,31900,20295.0,2900,11,Connection closed
2026-05-12 11:22:01,s_warmup,104.128.50.74,31900,20295.0,2900,11,Rate limit SPF
2026-05-12 11:23:02,s_warmup,104.128.50.74,34100,1732.0,3100,11,Rate limit SPF
2026-05-12 11:23:02,s_warmup,104.128.50.74,34100,1732.0,3100,11,Connection closed
2026-05-12 11:23:02,s_warmup,104.128.50.74,34100,1732.0,3100,11,Rate limit DKIM
2026-05-12 12:42:01,s_warmup,104.128.50.74,30800,1610.0,2800,11,Connection closed
2026-05-12 12:42:01,s_warmup,104.128.50.74,30800,1610.0,2800,11,Rate limit DKIM
2026-05-12 12:42:01,s_warmup,104.128.50.74,30800,1610.0,2800,11,Rate limit SPF
2026-05-12 09:36:00,s_warmup,104.168.70.85,12650,11104.0,1150,11,Rate limit SPF
2026-05-12 09:36:00,s_warmup,104.168.70.86,12650,11104.0,1150,11,Rate limit SPF
2026-05-12 09:36:00,s_warmup,104.168.70.87,12650,11104.0,1150,11,Rate limit DKIM
2026-05-12 09:36:00,s_warmup,104.168.70.88,12650,11104.0,1150,11,Rate limit DKIM
2026-05-12 09:36:00,s_warmup,104.168.70.88,12650,11104.0,1150,11,Rate limit SPF
2026-05-12 09:36:00,s_warmup,104.168.70.90,12650,11104.0,1150,11,Rate limit SPF
2026-05-12 09:36:00,s_warmup,104.168.70.90,12650,11104.0,1150,11,Rate limit DKIM
2026-05-12 09:36:00,s_warmup,104.168.70.91,12650,11104.0,1150,11,Rate limit DKIM
2026-05-12 09:36:00,s_warmup,104.168.70.93,12650,11104.0,1150,11,Rate limit DKIM
2026-05-12 11:54:07,s_warmup,217.18.208.172,11600,0.0,5800,2,Rate limit SPF
2026-05-12 11:54:07,s_warmup,217.18.208.172,11600,0.0,5800,2,Connection closed
2026-05-12 12:36:01,s_warmup,217.18.208.172,11200,48.0,5600,2,Connection closed
2026-05-12 12:36:01,s_warmup,217.18.208.172,11200,48.0,5600,2,Rate limit SPF
2026-05-12 11:54:07,s_warmup,217.18.208.173,11600,0.0,5800,2,Connection closed
2026-05-12 11:54:07,s_warmup,217.18.208.173,11600,0.0,5800,2,Rate limit SPF
2026-05-12 12:36:01,s_warmup,217.18.208.173,11200,48.0,5600,2,Rate limit SPF
2026-05-12 12:36:01,s_warmup,217.18.208.173,11200,48.0,5600,2,Connection closed
2026-05-12 10:30:00,s_warmup,217.18.208.174,14400,11405.0,4800,3,Connection closed
2026-05-12 10:30:00,s_warmup,217.18.208.174,14400,11405.0,4800,3,Rate limit SPF
2026-05-12 13:17:01,s_warmup,217.18.208.174,15300,1.0,5100,3,Connection closed
2026-05-12 13:17:01,s_warmup,217.18.208.174,15300,1.0,5100,3,Rate limit SPF
2026-05-12 10:30:00,s_warmup,217.18.208.175,14400,11405.0,4800,3,Rate limit SPF
2026-05-12 10:30:00,s_warmup,217.18.208.175,14400,11405.0,4800,3,Connection closed
2026-05-12 13:17:01,s_warmup,217.18.208.175,15300,1.0,5100,3,Connection closed
2026-05-12 13:17:01,s_warmup,217.18.208.175,15300,1.0,5100,3,Rate limit SPF
2026-05-11 10:43:00,s_warmup,217.18.208.176,12000,8906.0,3000,4,Other
2026-05-11 10:43:00,s_warmup,217.18.208.176,12000,8906.0,3000,4,Other
2026-05-12 10:30:00,s_warmup,217.18.208.176,14400,11405.0,4800,3,Rate limit SPF
2026-05-12 10:30:00,s_warmup,217.18.208.176,14400,11405.0,4800,3,Connection closed
2026-05-12 13:17:01,s_warmup,217.18.208.176,15300,1.0,5100,3,Rate limit SPF
2026-05-12 13:17:01,s_warmup,217.18.208.176,15300,1.0,5100,3,Connection closed
2026-05-12 12:37:01,s_warmup,81.17.132.2,22250,12088.0,4450,5,Connection closed
2026-05-12 12:37:01,s_warmup,81.17.132.2,22250,12088.0,4450,5,Rate limit DKIM
2026-05-12 12:37:01,s_warmup,81.17.132.2,22250,12088.0,4450,5,Rate limit SPF
2026-05-12 14:52:00,s_warmup,81.17.132.2,24000,12083.0,4800,5,Rate limit IP Netblock
2026-05-12 14:52:00,s_warmup,81.17.132.2,24000,12083.0,4800,5,Rate limit DKIM
2026-05-12 12:37:01,s_warmup,81.17.132.4,22250,12088.0,4450,5,Connection closed
2026-05-12 12:37:01,s_warmup,81.17.132.4,22250,12088.0,4450,5,Rate limit SPF
2026-05-12 12:37:01,s_warmup,81.17.132.4,22250,12088.0,4450,5,Rate limit DKIM
2026-05-12 14:52:00,s_warmup,81.17.132.4,24000,12083.0,4800,5,Rate limit IP Netblock
2026-05-12 14:52:00,s_warmup,81.17.132.4,24000,12083.0,4800,5,Connection closed
2026-05-12 14:52:00,s_warmup,81.17.132.4,24000,12083.0,4800,5,Rate limit DKIM
2026-05-12 12:37:01,s_warmup,81.17.132.5,22250,12088.0,4450,5,Rate limit SPF
2026-05-12 12:37:01,s_warmup,81.17.132.5,22250,12088.0,4450,5,Connection closed
2026-05-12 13:37:00,s_warmup,81.17.132.5,21000,18318.0,4200,5,Rate limit unsolicited
2026-05-12 14:52:00,s_warmup,81.17.132.5,24000,12083.0,4800,5,Rate limit IP Netblock
2026-05-12 14:52:00,s_warmup,81.17.132.5,24000,12083.0,4800,5,Connection closed
2026-05-12 12:37:01,s_warmup,81.17.132.7,22250,12088.0,4450,5,Connection closed
2026-05-12 12:37:01,s_warmup,81.17.132.7,22250,12088.0,4450,5,Rate limit DKIM
2026-05-12 12:37:01,s_warmup,81.17.132.7,22250,12088.0,4450,5,Rate limit SPF
2026-05-12 14:52:00,s_warmup,81.17.132.7,24000,12083.0,4800,5,Rate limit IP Netblock
2026-05-12 11:22:01,s_warmup,91.234.255.129,31900,20295.0,2900,11,Rate limit DKIM
2026-05-12 11:22:01,s_warmup,91.234.255.129,31900,20295.0,2900,11,Connection closed
2026-05-12 11:22:01,s_warmup,91.234.255.129,31900,20295.0,2900,11,Rate limit SPF
2026-05-12 11:22:01,s_warmup,91.234.255.129,31900,20295.0,2900,11,Rate limit IP Netblock
2026-05-12 12:37:01,s_warmup,91.234.255.129,22250,12088.0,4450,5,Rate limit DKIM
2026-05-12 12:42:01,s_warmup,91.234.255.129,30800,1610.0,2800,11,Connection closed
2026-05-12 12:42:01,s_warmup,91.234.255.129,30800,1610.0,2800,11,Rate limit SPF
2026-05-12 12:42:01,s_warmup,91.234.255.129,30800,1610.0,2800,11,Rate limit DKIM
2026-05-12 12:42:01,s_warmup,91.234.255.129,30800,1610.0,2800,11,Rate limit IP Netblock
2026-05-12 13:37:00,s_warmup,91.234.255.129,21000,18318.0,4200,5,Connection closed
2026-05-12 13:37:00,s_warmup,91.234.255.129,21000,18318.0,4200,5,Rate limit IP Netblock
2026-05-12 13:37:00,s_warmup,91.234.255.129,21000,18318.0,4200,5,Rate limit DKIM
2026-05-12 13:37:00,s_warmup,91.234.255.129,21000,18318.0,4200,5,Rate limit SPF
2026-05-12 11:22:01,s_warmup,91.234.255.135,31900,20295.0,2900,11,Rate limit DKIM
2026-05-12 11:22:01,s_warmup,91.234.255.135,31900,20295.0,2900,11,Rate limit SPF
2026-05-12 11:22:01,s_warmup,91.234.255.135,31900,20295.0,2900,11,Connection closed
2026-05-12 11:22:01,s_warmup,91.234.255.135,31900,20295.0,2900,11,Rate limit IP Netblock
2026-05-12 12:42:01,s_warmup,91.234.255.135,30800,1610.0,2800,11,Rate limit DKIM
2026-05-12 12:42:01,s_warmup,91.234.255.135,30800,1610.0,2800,11,Connection closed
2026-05-12 12:42:01,s_warmup,91.234.255.135,30800,1610.0,2800,11,Rate limit IP Netblock
2026-05-12 12:42:01,s_warmup,91.234.255.135,30800,1610.0,2800,11,Rate limit SPF
2026-05-12 13:37:00,s_warmup,91.234.255.135,21000,18318.0,4200,5,Connection closed
2026-05-12 13:37:00,s_warmup,91.234.255.135,21000,18318.0,4200,5,Rate limit SPF
2026-05-12 13:37:00,s_warmup,91.234.255.135,21000,18318.0,4200,5,Rate limit DKIM
2026-05-12 13:37:00,s_warmup,91.234.255.135,21000,18318.0,4200,5,Rate limit IP Netblock
2026-05-12 11:22:01,s_warmup,91.234.255.150,31900,20295.0,2900,11,Connection closed
2026-05-12 11:22:01,s_warmup,91.234.255.150,31900,20295.0,2900,11,Rate limit SPF
2026-05-12 12:42:01,s_warmup,91.234.255.150,30800,1610.0,2800,11,Connection closed
2026-05-12 12:42:01,s_warmup,91.234.255.150,30800,1610.0,2800,11,Rate limit DKIM
2026-05-12 13:37:00,s_warmup,91.234.255.150,21000,18318.0,4200,5,Connection closed
2026-05-12 13:37:00,s_warmup,91.234.255.150,21000,18318.0,4200,5,Rate limit DKIM
2026-05-12 11:22:01,s_warmup,91.234.255.159,31900,20295.0,2900,11,Connection closed
2026-05-12 11:22:01,s_warmup,91.234.255.159,31900,20295.0,2900,11,Rate limit SPF
2026-05-12 11:22:01,s_warmup,91.234.255.159,31900,20295.0,2900,11,Rate limit DKIM
2026-05-12 11:22:01,s_warmup,91.234.255.159,31900,20295.0,2900,11,Rate limit IP Netblock
2026-05-12 12:42:01,s_warmup,91.234.255.159,30800,1610.0,2800,11,Rate limit SPF
2026-05-12 12:42:01,s_warmup,91.234.255.159,30800,1610.0,2800,11,Rate limit IP Netblock
2026-05-12 12:42:01,s_warmup,91.234.255.159,30800,1610.0,2800,11,Rate limit DKIM
2026-05-12 13:37:00,s_warmup,91.234.255.159,21000,18318.0,4200,5,Rate limit IP Netblock
2026-05-12 13:37:00,s_warmup,91.234.255.159,21000,18318.0,4200,5,Rate limit DKIM
2026-05-12 11:22:01,s_warmup,91.234.255.175,31900,20295.0,2900,11,Connection closed
2026-05-12 11:22:01,s_warmup,91.234.255.175,31900,20295.0,2900,11,Rate limit DKIM
2026-05-12 11:22:01,s_warmup,91.234.255.175,31900,20295.0,2900,11,Rate limit SPF
2026-05-12 12:42:01,s_warmup,91.234.255.175,30800,1610.0,2800,11,Rate limit SPF
2026-05-12 12:42:01,s_warmup,91.234.255.175,30800,1610.0,2800,11,Connection closed
2026-05-12 12:42:01,s_warmup,91.234.255.175,30800,1610.0,2800,11,Rate limit DKIM
2026-05-12 12:42:01,s_warmup,91.234.255.175,30800,1610.0,2800,11,Rate limit IP Netblock
2026-05-12 13:37:00,s_warmup,91.234.255.175,21000,18318.0,4200,5,Rate limit SPF
2026-05-12 13:37:00,s_warmup,91.234.255.175,21000,18318.0,4200,5,Rate limit IP Netblock
2026-05-12 13:37:00,s_warmup,91.234.255.175,21000,18318.0,4200,5,Rate limit DKIM
2026-05-12 13:37:00,s_warmup,91.234.255.175,21000,18318.0,4200,5,Connection closed
2026-05-12 11:22:01,s_warmup,91.234.255.182,31900,20295.0,2900,11,Connection closed
2026-05-12 11:22:01,s_warmup,91.234.255.182,31900,20295.0,2900,11,Rate limit SPF
2026-05-12 11:22:01,s_warmup,91.234.255.182,31900,20295.0,2900,11,Rate limit DKIM
2026-05-12 11:22:01,s_warmup,91.234.255.182,31900,20295.0,2900,11,Rate limit IP Netblock
2026-05-12 12:42:01,s_warmup,91.234.255.182,30800,1610.0,2800,11,Connection closed
2026-05-12 12:42:01,s_warmup,91.234.255.182,30800,1610.0,2800,11,Rate limit SPF
2026-05-12 12:42:01,s_warmup,91.234.255.182,30800,1610.0,2800,11,Rate limit DKIM
2026-05-12 13:37:00,s_warmup,91.234.255.182,21000,18318.0,4200,5,Connection closed
2026-05-12 13:37:00,s_warmup,91.234.255.182,21000,18318.0,4200,5,Rate limit DKIM
2026-05-12 13:37:00,s_warmup,91.234.255.182,21000,18318.0,4200,5,Rate limit IP Netblock
2026-05-12 11:22:01,s_warmup,91.234.255.219,31900,20295.0,2900,11,Rate limit SPF
2026-05-12 11:22:01,s_warmup,91.234.255.219,31900,20295.0,2900,11,Connection closed
2026-05-12 11:22:01,s_warmup,91.234.255.219,31900,20295.0,2900,11,Rate limit IP Netblock
2026-05-12 11:22:01,s_warmup,91.234.255.219,31900,20295.0,2900,11,Rate limit DKIM
2026-05-12 12:42:01,s_warmup,91.234.255.219,30800,1610.0,2800,11,Connection closed
2026-05-12 12:42:01,s_warmup,91.234.255.219,30800,1610.0,2800,11,Rate limit IP Netblock
2026-05-12 12:42:01,s_warmup,91.234.255.219,30800,1610.0,2800,11,Rate limit SPF
2026-05-12 13:37:00,s_warmup,91.234.255.219,21000,18318.0,4200,5,Connection closed
2026-05-12 13:37:00,s_warmup,91.234.255.219,21000,18318.0,4200,5,Rate limit DKIM
2026-05-12 13:37:00,s_warmup,91.234.255.219,21000,18318.0,4200,5,Rate limit SPF
2026-05-12 11:22:01,s_warmup,91.234.255.56,31900,20295.0,2900,11,Connection closed
2026-05-12 11:22:01,s_warmup,91.234.255.56,31900,20295.0,2900,11,Rate limit IP Netblock
2026-05-12 11:22:01,s_warmup,91.234.255.56,31900,20295.0,2900,11,Rate limit DKIM
2026-05-12 11:22:01,s_warmup,91.234.255.56,31900,20295.0,2900,11,Rate limit SPF
2026-05-12 12:37:01,s_warmup,91.234.255.56,22250,12088.0,4450,5,Rate limit SPF
2026-05-12 12:37:01,s_warmup,91.234.255.56,22250,12088.0,4450,5,Connection closed
2026-05-12 12:42:01,s_warmup,91.234.255.56,30800,1610.0,2800,11,Rate limit SPF
2026-05-12 12:42:01,s_warmup,91.234.255.56,30800,1610.0,2800,11,Rate limit DKIM
2026-05-12 12:42:01,s_warmup,91.234.255.56,30800,1610.0,2800,11,Rate limit IP Netblock
2026-05-12 12:42:01,s_warmup,91.234.255.56,30800,1610.0,2800,11,Connection closed
2026-05-12 13:37:00,s_warmup,91.234.255.56,21000,18318.0,4200,5,Rate limit SPF
2026-05-12 13:37:00,s_warmup,91.234.255.56,21000,18318.0,4200,5,Connection closed
2026-05-12 13:37:00,s_warmup,91.234.255.56,21000,18318.0,4200,5,Rate limit IP Netblock
2026-05-12 13:37:00,s_warmup,91.234.255.56,21000,18318.0,4200,5,Rate limit DKIM
