ip,forecast_date,forecast_daily_volume,forecast_sent_ratio,forecast_risk_label_encoded,forecast_cumulative_volume
107.6.171.226,2026-04-18,52338,0.005,2.0,52338
107.6.171.226,2026-04-19,51425,0.005,2.0,103763
107.6.171.226,2026-04-20,50512,0.005,2.0,154275
107.6.171.226,2026-04-21,49600,0.005,2.0,203875
107.6.171.226,2026-04-22,48688,0.005,2.0,252563
107.6.171.226,2026-04-23,47775,0.005,2.0,300338
107.6.171.226,2026-04-24,46862,0.005,2.0,347200
107.6.171.227,2026-04-17,1196945,0.294,1.694,1196945
107.6.171.227,2026-04-18,1206020,0.044,1.944,2402965
107.6.171.227,2026-04-19,1215095,0.0,2.0,3618060
107.6.171.227,2026-04-20,1224170,0.0,2.0,4842230
107.6.171.227,2026-04-21,1233245,0.0,2.0,6075475
107.6.171.227,2026-04-22,1242320,0.0,2.0,7317795
107.6.171.227,2026-04-23,1251395,0.0,2.0,8569190
107.6.171.228,2026-04-17,1196942,0.349,1.641,1196942
107.6.171.228,2026-04-18,1206017,0.099,1.891,2402959
107.6.171.228,2026-04-19,1215092,0.0,2.0,3618051
107.6.171.228,2026-04-20,1224167,0.0,2.0,4842218
107.6.171.228,2026-04-21,1233242,0.0,2.0,6075460
107.6.171.228,2026-04-22,1242317,0.0,2.0,7317777
107.6.171.228,2026-04-23,1251392,0.0,2.0,8569169
107.6.171.229,2026-04-18,31104,0.373,1.55,31104
107.6.171.229,2026-04-19,30191,0.286,1.55,61295
107.6.171.229,2026-04-20,29278,0.199,1.55,90573
107.6.171.229,2026-04-21,28366,0.112,1.55,118939
107.6.171.229,2026-04-22,27454,0.024,1.55,146393
107.6.171.229,2026-04-23,26541,0.0,1.55,172934
107.6.171.229,2026-04-24,25628,0.0,1.55,198562
107.6.171.230,2026-04-17,1196933,0.562,1.486,1196933
107.6.171.230,2026-04-18,1206008,0.358,1.736,2402941
107.6.171.230,2026-04-19,1215083,0.154,1.986,3618024
107.6.171.230,2026-04-20,1224158,0.0,2.0,4842182
107.6.171.230,2026-04-21,1233233,0.0,2.0,6075415
107.6.171.230,2026-04-22,1242308,0.0,2.0,7317723
107.6.171.230,2026-04-23,1251383,0.0,2.0,8569106
135.125.140.36,2026-04-17,669618,0.996,0.268,669618
135.125.140.36,2026-04-18,734053,0.996,0.352,1403671
135.125.140.36,2026-04-19,798489,0.996,0.435,2202160
135.125.140.36,2026-04-20,862924,0.996,0.518,3065084
135.125.140.36,2026-04-21,927360,0.996,0.602,3992444
135.125.140.36,2026-04-22,991795,0.996,0.685,4984239
135.125.140.36,2026-04-23,1056231,0.996,0.768,6040470
135.125.140.51,2026-04-17,669618,1.0,0.268,669618
135.125.140.51,2026-04-18,734053,1.0,0.352,1403671
135.125.140.51,2026-04-19,798489,1.0,0.435,2202160
135.125.140.51,2026-04-20,862924,1.0,0.518,3065084
135.125.140.51,2026-04-21,927360,1.0,0.602,3992444
135.125.140.51,2026-04-22,991795,1.0,0.685,4984239
135.125.140.51,2026-04-23,1056231,1.0,0.768,6040470
135.125.140.52,2026-04-17,902218,1.0,0.287,902218
135.125.140.52,2026-04-18,1095876,1.0,0.381,1998094
135.125.140.52,2026-04-19,1289534,1.0,0.474,3287628
135.125.140.52,2026-04-20,1483192,1.0,0.568,4770820
135.125.140.52,2026-04-21,1676850,1.0,0.662,6447670
135.125.140.52,2026-04-22,1870508,1.0,0.756,8318178
135.125.140.52,2026-04-23,2064166,1.0,0.849,10382344
138.226.244.74,2026-04-18,482302,0.795,0.56,482302
138.226.244.74,2026-04-19,401256,0.725,0.667,883558
138.226.244.74,2026-04-20,320211,0.656,0.775,1203769
138.226.244.74,2026-04-21,239166,0.586,0.883,1442935
138.226.244.74,2026-04-22,158120,0.516,0.99,1601055
138.226.244.74,2026-04-23,77075,0.446,1.098,1678130
138.226.244.74,2026-04-24,0,0.377,1.206,1678130
138.226.244.75,2026-04-18,301693,0.815,0.504,301693
138.226.244.75,2026-04-19,305369,1.015,0.104,607062
138.226.244.75,2026-04-20,309045,1.215,0.0,916107
138.226.244.75,2026-04-21,312721,1.414,0.0,1228828
138.226.244.75,2026-04-22,316397,1.5,0.0,1545225
138.226.244.75,2026-04-23,320073,1.5,0.0,1865298
138.226.244.75,2026-04-24,323749,1.5,0.0,2189047
138.226.244.76,2026-04-18,1070197,0.992,0.088,1070197
138.226.244.76,2026-04-19,1056697,0.992,0.008,2126894
138.226.244.76,2026-04-20,1043197,0.992,0.0,3170091
138.226.244.76,2026-04-21,1029697,0.992,0.0,4199788
138.226.244.76,2026-04-22,1016197,0.992,0.0,5215985
138.226.244.76,2026-04-23,1002697,0.992,0.0,6218682
138.226.244.76,2026-04-24,989197,0.992,0.0,7207879
138.226.244.77,2026-04-18,237776,0.84,0.876,237776
138.226.244.77,2026-04-19,236244,0.888,0.976,474020
138.226.244.77,2026-04-20,234712,0.937,1.076,708732
138.226.244.77,2026-04-21,233180,0.986,1.176,941912
138.226.244.77,2026-04-22,231648,1.035,1.276,1173560
138.226.244.77,2026-04-23,230116,1.083,1.376,1403676
138.226.244.77,2026-04-24,228584,1.132,1.476,1632260
142.147.96.123,2026-04-18,395772,0.763,0.818,395772
142.147.96.123,2026-04-19,354820,0.7,1.018,750592
142.147.96.123,2026-04-20,313868,0.637,1.218,1064460
142.147.96.123,2026-04-21,272916,0.573,1.418,1337376
142.147.96.123,2026-04-22,231964,0.51,1.618,1569340
142.147.96.123,2026-04-23,191012,0.447,1.818,1760352
142.147.96.123,2026-04-24,150060,0.383,2.0,1910412
142.147.96.124,2026-04-17,265179,0.686,1.417,265179
142.147.96.124,2026-04-18,359709,0.687,1.75,624888
142.147.96.124,2026-04-19,454240,0.688,2.0,1079128
142.147.96.124,2026-04-20,548771,0.689,2.0,1627899
142.147.96.124,2026-04-21,643301,0.69,2.0,2271200
142.147.96.124,2026-04-22,737832,0.691,2.0,3009032
142.147.96.124,2026-04-23,832363,0.692,2.0,3841395
142.147.96.125,2026-04-18,1059988,0.998,0.238,1059988
142.147.96.125,2026-04-19,990048,1.014,0.158,2050036
142.147.96.125,2026-04-20,920108,1.029,0.078,2970144
142.147.96.125,2026-04-21,850168,1.045,0.0,3820312
142.147.96.125,2026-04-22,780228,1.061,0.0,4600540
142.147.96.125,2026-04-23,710288,1.077,0.0,5310828
142.147.96.125,2026-04-24,640348,1.092,0.0,5951176
142.147.96.126,2026-04-18,308373,0.847,0.951,308373
142.147.96.126,2026-04-19,152798,0.852,0.996,461171
142.147.96.126,2026-04-20,0,0.856,1.042,461171
142.147.96.126,2026-04-21,0,0.861,1.087,461171
142.147.96.126,2026-04-22,0,0.865,1.133,461171
142.147.96.126,2026-04-23,0,0.87,1.178,461171
142.147.96.126,2026-04-24,0,0.874,1.224,461171
144.31.117.11,2026-04-13,3411395,0.926,0.846,3411395
144.31.117.11,2026-04-14,3411395,0.926,0.846,6822790
144.31.117.11,2026-04-15,3411395,0.926,0.846,10234185
144.31.117.11,2026-04-16,3411395,0.926,0.846,13645580
144.31.117.11,2026-04-17,3411395,0.926,0.846,17056975
144.31.117.11,2026-04-18,3411395,0.926,0.846,20468370
144.31.117.11,2026-04-19,3411395,0.926,0.846,23879765
144.31.117.123,2026-04-13,3411369,1.0,0.846,3411369
144.31.117.123,2026-04-14,3411369,1.0,0.846,6822738
144.31.117.123,2026-04-15,3411369,1.0,0.846,10234107
144.31.117.123,2026-04-16,3411369,1.0,0.846,13645476
144.31.117.123,2026-04-17,3411369,1.0,0.846,17056845
144.31.117.123,2026-04-18,3411369,1.0,0.846,20468214
144.31.117.123,2026-04-19,3411369,1.0,0.846,23879583
144.31.117.149,2026-04-13,3411369,1.0,0.846,3411369
144.31.117.149,2026-04-14,3411369,1.0,0.846,6822738
144.31.117.149,2026-04-15,3411369,1.0,0.846,10234107
144.31.117.149,2026-04-16,3411369,1.0,0.846,13645476
144.31.117.149,2026-04-17,3411369,1.0,0.846,17056845
144.31.117.149,2026-04-18,3411369,1.0,0.846,20468214
144.31.117.149,2026-04-19,3411369,1.0,0.846,23879583
144.31.117.98,2026-04-13,3411395,1.0,0.769,3411395
144.31.117.98,2026-04-14,3411395,1.0,0.769,6822790
144.31.117.98,2026-04-15,3411395,1.0,0.769,10234185
144.31.117.98,2026-04-16,3411395,1.0,0.769,13645580
144.31.117.98,2026-04-17,3411395,1.0,0.769,17056975
144.31.117.98,2026-04-18,3411395,1.0,0.769,20468370
144.31.117.98,2026-04-19,3411395,1.0,0.769,23879765
144.31.138.131,2026-04-13,3411369,1.0,0.846,3411369
144.31.138.131,2026-04-14,3411369,1.0,0.846,6822738
144.31.138.131,2026-04-15,3411369,1.0,0.846,10234107
144.31.138.131,2026-04-16,3411369,1.0,0.846,13645476
144.31.138.131,2026-04-17,3411369,1.0,0.846,17056845
144.31.138.131,2026-04-18,3411369,1.0,0.846,20468214
144.31.138.131,2026-04-19,3411369,1.0,0.846,23879583
144.31.139.217,2026-04-13,3411369,1.0,0.769,3411369
144.31.139.217,2026-04-14,3411369,1.0,0.769,6822738
144.31.139.217,2026-04-15,3411369,1.0,0.769,10234107
144.31.139.217,2026-04-16,3411369,1.0,0.769,13645476
144.31.139.217,2026-04-17,3411369,1.0,0.769,17056845
144.31.139.217,2026-04-18,3411369,1.0,0.769,20468214
144.31.139.217,2026-04-19,3411369,1.0,0.769,23879583
144.31.139.61,2026-04-13,3411369,1.0,0.769,3411369
144.31.139.61,2026-04-14,3411369,1.0,0.769,6822738
144.31.139.61,2026-04-15,3411369,1.0,0.769,10234107
144.31.139.61,2026-04-16,3411369,1.0,0.769,13645476
144.31.139.61,2026-04-17,3411369,1.0,0.769,17056845
144.31.139.61,2026-04-18,3411369,1.0,0.769,20468214
144.31.139.61,2026-04-19,3411369,1.0,0.769,23879583
144.31.84.7,2026-04-13,216000,1.0,1.0,216000
144.31.84.7,2026-04-14,216000,1.0,1.0,432000
144.31.84.7,2026-04-15,216000,1.0,1.0,648000
144.31.84.7,2026-04-16,216000,1.0,1.0,864000
144.31.84.7,2026-04-17,216000,1.0,1.0,1080000
144.31.84.7,2026-04-18,216000,1.0,1.0,1296000
144.31.84.7,2026-04-19,216000,1.0,1.0,1512000
158.69.54.111,2026-04-17,349651,0.857,1.177,349651
158.69.54.111,2026-04-18,382851,0.815,1.26,732502
158.69.54.111,2026-04-19,416051,0.773,1.344,1148553
158.69.54.111,2026-04-20,449251,0.732,1.427,1597804
158.69.54.111,2026-04-21,482451,0.69,1.51,2080255
158.69.54.111,2026-04-22,515651,0.648,1.594,2595906
158.69.54.111,2026-04-23,548851,0.606,1.677,3144757
173.236.32.74,2026-04-17,0,1.0,0.5,0
173.236.32.74,2026-04-18,0,1.0,0.167,0
173.236.32.74,2026-04-19,0,1.0,0.0,0
173.236.32.74,2026-04-20,0,1.0,0.0,0
173.236.32.74,2026-04-21,0,1.0,0.0,0
173.236.32.74,2026-04-22,0,0.999,0.0,0
173.236.32.74,2026-04-23,0,0.999,0.0,0
173.236.32.76,2026-04-17,0,1.001,0.5,0
173.236.32.76,2026-04-18,0,1.002,0.167,0
173.236.32.76,2026-04-19,0,1.002,0.0,0
173.236.32.76,2026-04-20,0,1.003,0.0,0
173.236.32.76,2026-04-21,0,1.004,0.0,0
173.236.32.76,2026-04-22,0,1.004,0.0,0
173.236.32.76,2026-04-23,0,1.005,0.0,0
173.236.32.77,2026-04-17,0,1.001,0.5,0
173.236.32.77,2026-04-18,0,1.002,0.167,0
173.236.32.77,2026-04-19,0,1.002,0.0,0
173.236.32.77,2026-04-20,0,1.003,0.0,0
173.236.32.77,2026-04-21,0,1.004,0.0,0
173.236.32.77,2026-04-22,0,1.004,0.0,0
173.236.32.77,2026-04-23,0,1.005,0.0,0
173.236.32.78,2026-04-17,0,1.0,1.0,0
173.236.32.78,2026-04-18,0,1.0,1.0,0
173.236.32.78,2026-04-19,0,1.0,1.0,0
173.236.32.78,2026-04-20,0,1.0,1.0,0
173.236.32.78,2026-04-21,0,1.0,1.0,0
173.236.32.78,2026-04-22,0,1.0,1.0,0
173.236.32.78,2026-04-23,0,1.0,1.0,0
192.227.72.165,2026-04-17,669512,0.995,0.268,669512
192.227.72.165,2026-04-18,733947,0.993,0.352,1403459
192.227.72.165,2026-04-19,798383,0.99,0.435,2201842
192.227.72.165,2026-04-20,862818,0.988,0.518,3064660
192.227.72.165,2026-04-21,927254,0.986,0.602,3991914
192.227.72.165,2026-04-22,991689,0.984,0.685,4983603
192.227.72.165,2026-04-23,1056125,0.981,0.768,6039728
192.227.72.167,2026-04-17,20000,1.0,0.0,20000
192.227.72.167,2026-04-18,20000,1.0,0.0,40000
192.227.72.167,2026-04-19,20000,1.0,0.0,60000
192.227.72.167,2026-04-20,20000,1.0,0.0,80000
192.227.72.167,2026-04-21,20000,1.0,0.0,100000
192.227.72.167,2026-04-22,20000,1.0,0.0,120000
192.227.72.167,2026-04-23,20000,1.0,0.0,140000
192.227.72.168,2026-04-17,643112,0.985,0.268,643112
192.227.72.168,2026-04-18,707547,0.985,0.352,1350659
192.227.72.168,2026-04-19,771983,0.985,0.435,2122642
192.227.72.168,2026-04-20,836418,0.985,0.518,2959060
192.227.72.168,2026-04-21,900854,0.985,0.602,3859914
192.227.72.168,2026-04-22,965289,0.985,0.685,4825203
192.227.72.168,2026-04-23,1029725,0.985,0.768,5854928
194.54.185.171,2026-04-13,348552,0.507,1.375,348552
194.54.185.171,2026-04-14,348552,0.507,1.375,697104
194.54.185.171,2026-04-15,348552,0.507,1.375,1045656
194.54.185.171,2026-04-16,348552,0.507,1.375,1394208
194.54.185.171,2026-04-17,348552,0.507,1.375,1742760
194.54.185.171,2026-04-18,348552,0.507,1.375,2091312
194.54.185.171,2026-04-19,348552,0.507,1.375,2439864
194.54.185.172,2026-04-13,348544,0.924,1.0,348544
194.54.185.172,2026-04-14,348544,0.924,1.0,697088
194.54.185.172,2026-04-15,348544,0.924,1.0,1045632
194.54.185.172,2026-04-16,348544,0.924,1.0,1394176
194.54.185.172,2026-04-17,348544,0.924,1.0,1742720
194.54.185.172,2026-04-18,348544,0.924,1.0,2091264
194.54.185.172,2026-04-19,348544,0.924,1.0,2439808
194.54.185.173,2026-04-13,348544,1.0,0.875,348544
194.54.185.173,2026-04-14,348544,1.0,0.875,697088
194.54.185.173,2026-04-15,348544,1.0,0.875,1045632
194.54.185.173,2026-04-16,348544,1.0,0.875,1394176
194.54.185.173,2026-04-17,348544,1.0,0.875,1742720
194.54.185.173,2026-04-18,348544,1.0,0.875,2091264
194.54.185.173,2026-04-19,348544,1.0,0.875,2439808
194.54.185.177,2026-04-13,348544,0.792,1.125,348544
194.54.185.177,2026-04-14,348544,0.792,1.125,697088
194.54.185.177,2026-04-15,348544,0.792,1.125,1045632
194.54.185.177,2026-04-16,348544,0.792,1.125,1394176
194.54.185.177,2026-04-17,348544,0.792,1.125,1742720
194.54.185.177,2026-04-18,348544,0.792,1.125,2091264
194.54.185.177,2026-04-19,348544,0.792,1.125,2439808
194.54.185.178,2026-04-13,348544,1.0,0.875,348544
194.54.185.178,2026-04-14,348544,1.0,0.875,697088
194.54.185.178,2026-04-15,348544,1.0,0.875,1045632
194.54.185.178,2026-04-16,348544,1.0,0.875,1394176
194.54.185.178,2026-04-17,348544,1.0,0.875,1742720
194.54.185.178,2026-04-18,348544,1.0,0.875,2091264
194.54.185.178,2026-04-19,348544,1.0,0.875,2439808
194.54.185.179,2026-04-13,348544,1.0,0.875,348544
194.54.185.179,2026-04-14,348544,1.0,0.875,697088
194.54.185.179,2026-04-15,348544,1.0,0.875,1045632
194.54.185.179,2026-04-16,348544,1.0,0.875,1394176
194.54.185.179,2026-04-17,348544,1.0,0.875,1742720
194.54.185.179,2026-04-18,348544,1.0,0.875,2091264
194.54.185.179,2026-04-19,348544,1.0,0.875,2439808
194.54.185.180,2026-04-13,348544,1.0,0.875,348544
194.54.185.180,2026-04-14,348544,1.0,0.875,697088
194.54.185.180,2026-04-15,348544,1.0,0.875,1045632
194.54.185.180,2026-04-16,348544,1.0,0.875,1394176
194.54.185.180,2026-04-17,348544,1.0,0.875,1742720
194.54.185.180,2026-04-18,348544,1.0,0.875,2091264
194.54.185.180,2026-04-19,348544,1.0,0.875,2439808
194.54.185.181,2026-04-13,348544,1.0,0.875,348544
194.54.185.181,2026-04-14,348544,1.0,0.875,697088
194.54.185.181,2026-04-15,348544,1.0,0.875,1045632
194.54.185.181,2026-04-16,348544,1.0,0.875,1394176
194.54.185.181,2026-04-17,348544,1.0,0.875,1742720
194.54.185.181,2026-04-18,348544,1.0,0.875,2091264
194.54.185.181,2026-04-19,348544,1.0,0.875,2439808
194.54.185.182,2026-04-13,348544,1.0,0.875,348544
194.54.185.182,2026-04-14,348544,1.0,0.875,697088
194.54.185.182,2026-04-15,348544,1.0,0.875,1045632
194.54.185.182,2026-04-16,348544,1.0,0.875,1394176
194.54.185.182,2026-04-17,348544,1.0,0.875,1742720
194.54.185.182,2026-04-18,348544,1.0,0.875,2091264
194.54.185.182,2026-04-19,348544,1.0,0.875,2439808
194.54.185.183,2026-04-13,348544,1.0,0.875,348544
194.54.185.183,2026-04-14,348544,1.0,0.875,697088
194.54.185.183,2026-04-15,348544,1.0,0.875,1045632
194.54.185.183,2026-04-16,348544,1.0,0.875,1394176
194.54.185.183,2026-04-17,348544,1.0,0.875,1742720
194.54.185.183,2026-04-18,348544,1.0,0.875,2091264
194.54.185.183,2026-04-19,348544,1.0,0.875,2439808
194.54.185.184,2026-04-13,348544,1.0,0.875,348544
194.54.185.184,2026-04-14,348544,1.0,0.875,697088
194.54.185.184,2026-04-15,348544,1.0,0.875,1045632
194.54.185.184,2026-04-16,348544,1.0,0.875,1394176
194.54.185.184,2026-04-17,348544,1.0,0.875,1742720
194.54.185.184,2026-04-18,348544,1.0,0.875,2091264
194.54.185.184,2026-04-19,348544,1.0,0.875,2439808
194.54.185.185,2026-04-13,348544,1.0,0.875,348544
194.54.185.185,2026-04-14,348544,1.0,0.875,697088
194.54.185.185,2026-04-15,348544,1.0,0.875,1045632
194.54.185.185,2026-04-16,348544,1.0,0.875,1394176
194.54.185.185,2026-04-17,348544,1.0,0.875,1742720
194.54.185.185,2026-04-18,348544,1.0,0.875,2091264
194.54.185.185,2026-04-19,348544,1.0,0.875,2439808
194.54.185.187,2026-04-13,348544,1.0,0.875,348544
194.54.185.187,2026-04-14,348544,1.0,0.875,697088
194.54.185.187,2026-04-15,348544,1.0,0.875,1045632
194.54.185.187,2026-04-16,348544,1.0,0.875,1394176
194.54.185.187,2026-04-17,348544,1.0,0.875,1742720
194.54.185.187,2026-04-18,348544,1.0,0.875,2091264
194.54.185.187,2026-04-19,348544,1.0,0.875,2439808
194.54.185.188,2026-04-13,348544,1.0,0.875,348544
194.54.185.188,2026-04-14,348544,1.0,0.875,697088
194.54.185.188,2026-04-15,348544,1.0,0.875,1045632
194.54.185.188,2026-04-16,348544,1.0,0.875,1394176
194.54.185.188,2026-04-17,348544,1.0,0.875,1742720
194.54.185.188,2026-04-18,348544,1.0,0.875,2091264
194.54.185.188,2026-04-19,348544,1.0,0.875,2439808
194.54.185.189,2026-04-13,348544,1.0,0.875,348544
194.54.185.189,2026-04-14,348544,1.0,0.875,697088
194.54.185.189,2026-04-15,348544,1.0,0.875,1045632
194.54.185.189,2026-04-16,348544,1.0,0.875,1394176
194.54.185.189,2026-04-17,348544,1.0,0.875,1742720
194.54.185.189,2026-04-18,348544,1.0,0.875,2091264
194.54.185.189,2026-04-19,348544,1.0,0.875,2439808
198.12.123.227,2026-04-14,4917722,0.0,1.9,4917722
198.12.123.227,2026-04-15,7798178,0.0,2.0,12715900
198.12.123.227,2026-04-16,10678632,0.0,2.0,23394532
198.12.123.227,2026-04-17,13559088,0.0,2.0,36953620
198.12.123.227,2026-04-18,16439542,0.0,2.0,53393162
198.12.123.227,2026-04-19,19319998,0.0,2.0,72713160
198.12.123.227,2026-04-20,22200452,0.0,2.0,94913612
198.12.123.228,2026-04-13,597040,0.7,1.2,597040
198.12.123.228,2026-04-14,597040,0.7,1.2,1194080
198.12.123.228,2026-04-15,597040,0.7,1.2,1791120
198.12.123.228,2026-04-16,597040,0.7,1.2,2388160
198.12.123.228,2026-04-17,597040,0.7,1.2,2985200
198.12.123.228,2026-04-18,597040,0.7,1.2,3582240
198.12.123.228,2026-04-19,597040,0.7,1.2,4179280
198.12.123.229,2026-04-13,597030,0.72,1.2,597030
198.12.123.229,2026-04-14,597030,0.72,1.2,1194060
198.12.123.229,2026-04-15,597030,0.72,1.2,1791090
198.12.123.229,2026-04-16,597030,0.72,1.2,2388120
198.12.123.229,2026-04-17,597030,0.72,1.2,2985150
198.12.123.229,2026-04-18,597030,0.72,1.2,3582180
198.12.123.229,2026-04-19,597030,0.72,1.2,4179210
198.12.123.230,2026-04-13,597030,0.862,1.0,597030
198.12.123.230,2026-04-14,597030,0.862,1.0,1194060
198.12.123.230,2026-04-15,597030,0.862,1.0,1791090
198.12.123.230,2026-04-16,597030,0.862,1.0,2388120
198.12.123.230,2026-04-17,597030,0.862,1.0,2985150
198.12.123.230,2026-04-18,597030,0.862,1.0,3582180
198.12.123.230,2026-04-19,597030,0.862,1.0,4179210
198.12.123.234,2026-04-13,597030,0.9,1.0,597030
198.12.123.234,2026-04-14,597030,0.9,1.0,1194060
198.12.123.234,2026-04-15,597030,0.9,1.0,1791090
198.12.123.234,2026-04-16,597030,0.9,1.0,2388120
198.12.123.234,2026-04-17,597030,0.9,1.0,2985150
198.12.123.234,2026-04-18,597030,0.9,1.0,3582180
198.12.123.234,2026-04-19,597030,0.9,1.0,4179210
198.12.123.235,2026-04-13,597030,0.9,1.0,597030
198.12.123.235,2026-04-14,597030,0.9,1.0,1194060
198.12.123.235,2026-04-15,597030,0.9,1.0,1791090
198.12.123.235,2026-04-16,597030,0.9,1.0,2388120
198.12.123.235,2026-04-17,597030,0.9,1.0,2985150
198.12.123.235,2026-04-18,597030,0.9,1.0,3582180
198.12.123.235,2026-04-19,597030,0.9,1.0,4179210
198.12.123.236,2026-04-14,258698,0.0,2.0,258698
198.12.123.236,2026-04-15,33142,0.0,2.0,291840
198.12.123.236,2026-04-16,0,0.0,2.0,291840
198.12.123.236,2026-04-17,0,0.0,2.0,291840
198.12.123.236,2026-04-18,0,0.0,2.0,291840
198.12.123.236,2026-04-19,0,0.0,2.0,291840
198.12.123.236,2026-04-20,0,0.0,2.0,291840
198.12.123.237,2026-04-14,8035732,0.0,1.882,8035732
198.12.123.237,2026-04-15,12994872,0.0,2.0,21030604
198.12.123.237,2026-04-16,17954014,0.0,2.0,38984618
198.12.123.237,2026-04-17,22913154,0.0,2.0,61897772
198.12.123.237,2026-04-18,27872296,0.0,2.0,89770068
198.12.123.237,2026-04-19,32831436,0.0,2.0,122601504
198.12.123.237,2026-04-20,37790578,0.0,2.0,160392082
198.12.123.238,2026-04-14,258702,0.0,2.0,258702
198.12.123.238,2026-04-15,33158,0.0,2.0,291860
198.12.123.238,2026-04-16,0,0.0,2.0,291860
198.12.123.238,2026-04-17,0,0.0,2.0,291860
198.12.123.238,2026-04-18,0,0.0,2.0,291860
198.12.123.238,2026-04-19,0,0.0,2.0,291860
198.12.123.238,2026-04-20,0,0.0,2.0,291860
198.12.123.239,2026-04-14,4917738,0.0,2.0,4917738
198.12.123.239,2026-04-15,7798222,0.0,2.0,12715960
198.12.123.239,2026-04-16,10678708,0.0,2.0,23394668
198.12.123.239,2026-04-17,13559192,0.0,2.0,36953860
198.12.123.239,2026-04-18,16439678,0.0,2.0,53393538
198.12.123.239,2026-04-19,19320162,0.0,2.0,72713700
198.12.123.239,2026-04-20,22200648,0.0,2.0,94914348
198.12.123.240,2026-04-14,258708,0.0,2.0,258708
198.12.123.240,2026-04-15,33172,0.0,2.0,291880
198.12.123.240,2026-04-16,0,0.0,2.0,291880
198.12.123.240,2026-04-17,0,0.0,2.0,291880
198.12.123.240,2026-04-18,0,0.0,2.0,291880
198.12.123.240,2026-04-19,0,0.0,2.0,291880
198.12.123.240,2026-04-20,0,0.0,2.0,291880
198.12.123.241,2026-04-14,3477390,0.32,1.4,3477390
198.12.123.241,2026-04-15,3477390,0.32,1.4,6954780
198.12.123.241,2026-04-16,3477390,0.32,1.4,10432170
198.12.123.241,2026-04-17,3477390,0.32,1.4,13909560
198.12.123.241,2026-04-18,3477390,0.32,1.4,17386950
198.12.123.241,2026-04-19,3477390,0.32,1.4,20864340
198.12.123.241,2026-04-20,3477390,0.32,1.4,24341730
198.12.123.242,2026-04-14,371470,0.785,1.0,371470
198.12.123.242,2026-04-15,371470,0.785,1.0,742940
198.12.123.242,2026-04-16,371470,0.785,1.0,1114410
198.12.123.242,2026-04-17,371470,0.785,1.0,1485880
198.12.123.242,2026-04-18,371470,0.785,1.0,1857350
198.12.123.242,2026-04-19,371470,0.785,1.0,2228820
198.12.123.242,2026-04-20,371470,0.785,1.0,2600290
198.12.123.243,2026-04-14,3477390,0.767,0.733,3477390
198.12.123.243,2026-04-15,3477390,0.767,0.733,6954780
198.12.123.243,2026-04-16,3477390,0.767,0.733,10432170
198.12.123.243,2026-04-17,3477390,0.767,0.733,13909560
198.12.123.243,2026-04-18,3477390,0.767,0.733,17386950
198.12.123.243,2026-04-19,3477390,0.767,0.733,20864340
198.12.123.243,2026-04-20,3477390,0.767,0.733,24341730
198.12.123.244,2026-04-14,258700,0.0,2.0,258700
198.12.123.244,2026-04-15,33160,0.0,2.0,291860
198.12.123.244,2026-04-16,0,0.0,2.0,291860
198.12.123.244,2026-04-17,0,0.0,2.0,291860
198.12.123.244,2026-04-18,0,0.0,2.0,291860
198.12.123.244,2026-04-19,0,0.0,2.0,291860
198.12.123.244,2026-04-20,0,0.0,2.0,291860
198.12.123.245,2026-04-14,4917585,0.0,2.0,4917585
198.12.123.245,2026-04-15,7797975,0.0,2.0,12715560
198.12.123.245,2026-04-16,10678365,0.0,2.0,23393925
198.12.123.245,2026-04-17,13558755,0.0,2.0,36952680
198.12.123.245,2026-04-18,16439145,0.0,2.0,53391825
198.12.123.245,2026-04-19,19319535,0.0,2.0,72711360
198.12.123.245,2026-04-20,22199925,0.0,2.0,94911285
198.12.123.246,2026-04-14,371470,1.0,0.8,371470
198.12.123.246,2026-04-15,371470,1.0,0.8,742940
198.12.123.246,2026-04-16,371470,1.0,0.8,1114410
198.12.123.246,2026-04-17,371470,1.0,0.8,1485880
198.12.123.246,2026-04-18,371470,1.0,0.8,1857350
198.12.123.246,2026-04-19,371470,1.0,0.8,2228820
198.12.123.246,2026-04-20,371470,1.0,0.8,2600290
198.12.123.247,2026-04-14,4917595,0.0,2.0,4917595
198.12.123.247,2026-04-15,7798005,0.0,2.0,12715600
198.12.123.247,2026-04-16,10678415,0.0,2.0,23394015
198.12.123.247,2026-04-17,13558825,0.0,2.0,36952840
198.12.123.247,2026-04-18,16439235,0.0,2.0,53392075
198.12.123.247,2026-04-19,19319645,0.0,2.0,72711720
198.12.123.247,2026-04-20,22200055,0.0,2.0,94911775
198.12.123.248,2026-04-14,258720,0.0,2.0,258720
198.12.123.248,2026-04-15,33220,0.0,2.0,291940
198.12.123.248,2026-04-16,0,0.0,2.0,291940
198.12.123.248,2026-04-17,0,0.0,2.0,291940
198.12.123.248,2026-04-18,0,0.0,2.0,291940
198.12.123.248,2026-04-19,0,0.0,2.0,291940
198.12.123.248,2026-04-20,0,0.0,2.0,291940
198.12.123.249,2026-04-14,3477390,1.0,0.6,3477390
198.12.123.249,2026-04-15,3477390,1.0,0.6,6954780
198.12.123.249,2026-04-16,3477390,1.0,0.6,10432170
198.12.123.249,2026-04-17,3477390,1.0,0.6,13909560
198.12.123.249,2026-04-18,3477390,1.0,0.6,17386950
198.12.123.249,2026-04-19,3477390,1.0,0.6,20864340
198.12.123.249,2026-04-20,3477390,1.0,0.6,24341730
198.12.123.250,2026-04-14,258720,0.243,1.65,258720
198.12.123.250,2026-04-15,33220,0.0,2.0,291940
198.12.123.250,2026-04-16,0,0.0,2.0,291940
198.12.123.250,2026-04-17,0,0.0,2.0,291940
198.12.123.250,2026-04-18,0,0.0,2.0,291940
198.12.123.250,2026-04-19,0,0.0,2.0,291940
198.12.123.250,2026-04-20,0,0.0,2.0,291940
198.12.123.251,2026-04-14,3477390,1.0,0.6,3477390
198.12.123.251,2026-04-15,3477390,1.0,0.6,6954780
198.12.123.251,2026-04-16,3477390,1.0,0.6,10432170
198.12.123.251,2026-04-17,3477390,1.0,0.6,13909560
198.12.123.251,2026-04-18,3477390,1.0,0.6,17386950
198.12.123.251,2026-04-19,3477390,1.0,0.6,20864340
198.12.123.251,2026-04-20,3477390,1.0,0.6,24341730
198.12.123.252,2026-04-14,371470,1.0,0.8,371470
198.12.123.252,2026-04-15,371470,1.0,0.8,742940
198.12.123.252,2026-04-16,371470,1.0,0.8,1114410
198.12.123.252,2026-04-17,371470,1.0,0.8,1485880
198.12.123.252,2026-04-18,371470,1.0,0.8,1857350
198.12.123.252,2026-04-19,371470,1.0,0.8,2228820
198.12.123.252,2026-04-20,371470,1.0,0.8,2600290
198.12.123.253,2026-04-14,3477375,0.933,0.667,3477375
198.12.123.253,2026-04-15,3477375,0.933,0.667,6954750
198.12.123.253,2026-04-16,3477375,0.933,0.667,10432125
198.12.123.253,2026-04-17,3477375,0.933,0.667,13909500
198.12.123.253,2026-04-18,3477375,0.933,0.667,17386875
198.12.123.253,2026-04-19,3477375,0.933,0.667,20864250
198.12.123.253,2026-04-20,3477375,0.933,0.667,24341625
198.12.123.254,2026-04-14,258720,0.322,1.65,258720
198.12.123.254,2026-04-15,33220,0.0,2.0,291940
198.12.123.254,2026-04-16,0,0.0,2.0,291940
198.12.123.254,2026-04-17,0,0.0,2.0,291940
198.12.123.254,2026-04-18,0,0.0,2.0,291940
198.12.123.254,2026-04-19,0,0.0,2.0,291940
198.12.123.254,2026-04-20,0,0.0,2.0,291940
217.182.198.9,2026-04-17,669618,1.0,0.268,669618
217.182.198.9,2026-04-18,734053,1.0,0.352,1403671
217.182.198.9,2026-04-19,798489,1.0,0.435,2202160
217.182.198.9,2026-04-20,862924,1.0,0.518,3065084
217.182.198.9,2026-04-21,927360,1.0,0.602,3992444
217.182.198.9,2026-04-22,991795,1.0,0.685,4984239
217.182.198.9,2026-04-23,1056231,1.0,0.768,6040470
23.19.114.9,2026-04-17,104992,0.505,1.486,104992
23.19.114.9,2026-04-18,105692,0.255,1.736,210684
23.19.114.9,2026-04-19,106392,0.005,1.986,317076
23.19.114.9,2026-04-20,107092,0.0,2.0,424168
23.19.114.9,2026-04-21,107792,0.0,2.0,531960
23.19.114.9,2026-04-22,108492,0.0,2.0,640452
23.19.114.9,2026-04-23,109192,0.0,2.0,749644
23.231.25.47,2026-04-16,393131,1.012,0.242,393131
23.231.25.47,2026-04-17,494839,1.308,0.0,887970
23.231.25.47,2026-04-18,596547,1.5,0.0,1484517
23.231.25.47,2026-04-19,698255,1.5,0.0,2182772
23.231.25.47,2026-04-20,799963,1.5,0.0,2982735
23.231.25.47,2026-04-21,901671,1.5,0.0,3884406
23.231.25.47,2026-04-22,1003379,1.5,0.0,4887785
23.231.25.49,2026-04-16,392548,1.0,0.244,392548
23.231.25.49,2026-04-17,491924,1.0,0.189,884472
23.231.25.49,2026-04-18,591300,1.0,0.133,1475772
23.231.25.49,2026-04-19,690676,1.0,0.078,2166448
23.231.25.49,2026-04-20,790052,1.0,0.022,2956500
23.231.25.49,2026-04-21,889428,1.0,0.0,3845928
23.231.25.49,2026-04-22,988804,1.0,0.0,4834732
23.231.25.51,2026-04-16,392548,1.0,0.244,392548
23.231.25.51,2026-04-17,491924,1.0,0.189,884472
23.231.25.51,2026-04-18,591300,1.0,0.133,1475772
23.231.25.51,2026-04-19,690676,1.0,0.078,2166448
23.231.25.51,2026-04-20,790052,1.0,0.022,2956500
23.231.25.51,2026-04-21,889428,1.0,0.0,3845928
23.231.25.51,2026-04-22,988804,1.0,0.0,4834732
23.231.25.52,2026-04-16,392544,1.0,0.244,392544
23.231.25.52,2026-04-17,491918,1.0,0.189,884462
23.231.25.52,2026-04-18,591292,1.0,0.133,1475754
23.231.25.52,2026-04-19,690666,1.001,0.078,2166420
23.231.25.52,2026-04-20,790040,1.001,0.022,2956460
23.231.25.52,2026-04-21,889414,1.001,0.0,3845874
23.231.25.52,2026-04-22,988788,1.001,0.0,4834662
23.231.25.53,2026-04-16,392543,1.0,0.244,392543
23.231.25.53,2026-04-17,491917,1.0,0.189,884460
23.231.25.53,2026-04-18,591291,1.0,0.133,1475751
23.231.25.53,2026-04-19,690665,1.001,0.078,2166416
23.231.25.53,2026-04-20,790039,1.001,0.022,2956455
23.231.25.53,2026-04-21,889413,1.001,0.0,3845868
23.231.25.53,2026-04-22,988787,1.001,0.0,4834655
23.231.25.54,2026-04-16,392543,1.0,0.244,392543
23.231.25.54,2026-04-17,491917,1.0,0.189,884460
23.231.25.54,2026-04-18,591291,1.0,0.133,1475751
23.231.25.54,2026-04-19,690665,1.001,0.078,2166416
23.231.25.54,2026-04-20,790039,1.001,0.022,2956455
23.231.25.54,2026-04-21,889413,1.001,0.0,3845868
23.231.25.54,2026-04-22,988787,1.001,0.0,4834655
23.231.25.55,2026-04-16,392540,0.998,0.244,392540
23.231.25.55,2026-04-17,491912,0.997,0.189,884452
23.231.25.55,2026-04-18,591284,0.996,0.133,1475736
23.231.25.55,2026-04-19,690656,0.995,0.078,2166392
23.231.25.55,2026-04-20,790028,0.994,0.022,2956420
23.231.25.55,2026-04-21,889400,0.993,0.0,3845820
23.231.25.55,2026-04-22,988772,0.992,0.0,4834592
23.231.25.56,2026-04-16,392540,1.0,0.244,392540
23.231.25.56,2026-04-17,491912,1.0,0.189,884452
23.231.25.56,2026-04-18,591284,1.0,0.133,1475736
23.231.25.56,2026-04-19,690656,1.001,0.078,2166392
23.231.25.56,2026-04-20,790028,1.001,0.022,2956420
23.231.25.56,2026-04-21,889400,1.001,0.0,3845820
23.231.25.56,2026-04-22,988772,1.001,0.0,4834592
23.231.25.57,2026-04-16,393121,1.045,0.228,393121
23.231.25.57,2026-04-17,494825,1.222,0.006,887946
23.231.25.57,2026-04-18,596530,1.4,0.0,1484476
23.231.25.57,2026-04-19,698234,1.5,0.0,2182710
23.231.25.57,2026-04-20,799938,1.5,0.0,2982648
23.231.25.57,2026-04-21,901643,1.5,0.0,3884291
23.231.25.57,2026-04-22,1003347,1.5,0.0,4887638
23.231.25.58,2026-04-16,392538,1.0,0.244,392538
23.231.25.58,2026-04-17,491911,1.0,0.189,884449
23.231.25.58,2026-04-18,591284,1.0,0.133,1475733
23.231.25.58,2026-04-19,690656,1.001,0.078,2166389
23.231.25.58,2026-04-20,790029,1.001,0.022,2956418
23.231.25.58,2026-04-21,889402,1.001,0.0,3845820
23.231.25.58,2026-04-22,988774,1.001,0.0,4834594
23.231.25.59,2026-04-16,392536,1.0,0.244,392536
23.231.25.59,2026-04-17,491908,1.0,0.189,884444
23.231.25.59,2026-04-18,591281,1.0,0.133,1475725
23.231.25.59,2026-04-19,690654,1.0,0.078,2166379
23.231.25.59,2026-04-20,790026,1.0,0.022,2956405
23.231.25.59,2026-04-21,889399,1.0,0.0,3845804
23.231.25.59,2026-04-22,988772,1.0,0.0,4834576
23.231.25.61,2026-04-16,392533,1.0,0.244,392533
23.231.25.61,2026-04-17,491906,1.0,0.189,884439
23.231.25.61,2026-04-18,591278,1.0,0.133,1475717
23.231.25.61,2026-04-19,690651,1.0,0.078,2166368
23.231.25.61,2026-04-20,790024,1.0,0.022,2956392
23.231.25.61,2026-04-21,889396,1.0,0.0,3845788
23.231.25.61,2026-04-22,988769,1.0,0.0,4834557
23.231.25.62,2026-04-16,392532,1.0,0.244,392532
23.231.25.62,2026-04-17,491904,1.0,0.189,884436
23.231.25.62,2026-04-18,591277,1.0,0.133,1475713
23.231.25.62,2026-04-19,690650,1.0,0.078,2166363
23.231.25.62,2026-04-20,790022,1.0,0.022,2956385
23.231.25.62,2026-04-21,889395,1.0,0.0,3845780
23.231.25.62,2026-04-22,988768,1.0,0.0,4834548
23.82.139.242,2026-04-17,137023,0.502,1.483,137023
23.82.139.242,2026-04-18,142223,0.253,1.733,279246
23.82.139.242,2026-04-19,147423,0.004,1.983,426669
23.82.139.242,2026-04-20,152623,0.0,2.0,579292
23.82.139.242,2026-04-21,157823,0.0,2.0,737115
23.82.139.242,2026-04-22,163023,0.0,2.0,900138
23.82.139.242,2026-04-23,168223,0.0,2.0,1068361
5.135.75.177,2026-04-16,228456,0.709,0.604,228456
5.135.75.177,2026-04-17,86691,0.739,0.451,315147
5.135.75.177,2026-04-18,0,0.769,0.297,315147
5.135.75.177,2026-04-19,0,0.8,0.143,315147
5.135.75.177,2026-04-20,0,0.83,0.0,315147
5.135.75.177,2026-04-21,0,0.86,0.0,315147
5.135.75.177,2026-04-22,0,0.89,0.0,315147
5.135.75.178,2026-04-16,40216,0.328,1.412,40216
5.135.75.178,2026-04-17,28489,0.185,1.662,68705
5.135.75.178,2026-04-18,16762,0.041,1.912,85467
5.135.75.178,2026-04-19,5036,0.0,2.0,90503
5.135.75.178,2026-04-20,0,0.0,2.0,90503
5.135.75.178,2026-04-21,0,0.0,2.0,90503
5.135.75.178,2026-04-22,0,0.0,2.0,90503
5.135.75.179,2026-04-16,110798,0.727,0.657,110798
5.135.75.179,2026-04-17,18455,0.621,0.843,129253
5.135.75.179,2026-04-18,0,0.514,1.028,129253
5.135.75.179,2026-04-19,0,0.408,1.213,129253
5.135.75.179,2026-04-20,0,0.302,1.398,129253
5.135.75.179,2026-04-21,0,0.195,1.583,129253
5.135.75.179,2026-04-22,0,0.089,1.769,129253
5.135.75.180,2026-04-16,206244,0.201,1.647,206244
5.135.75.180,2026-04-17,202691,0.0,2.0,408935
5.135.75.180,2026-04-18,199138,0.0,2.0,608073
5.135.75.180,2026-04-19,195584,0.0,2.0,803657
5.135.75.180,2026-04-20,192031,0.0,2.0,995688
5.135.75.180,2026-04-21,188478,0.0,2.0,1184166
5.135.75.180,2026-04-22,184924,0.0,2.0,1369090
5.135.75.181,2026-04-16,258738,0.0,2.0,258738
5.135.75.181,2026-04-17,161388,0.0,2.0,420126
5.135.75.181,2026-04-18,64038,0.0,2.0,484164
5.135.75.181,2026-04-19,0,0.0,2.0,484164
5.135.75.181,2026-04-20,0,0.0,2.0,484164
5.135.75.181,2026-04-21,0,0.0,2.0,484164
5.135.75.181,2026-04-22,0,0.0,2.0,484164
51.161.79.217,2026-04-17,280848,0.76,1.227,280848
51.161.79.217,2026-04-18,305215,0.666,1.31,586063
51.161.79.217,2026-04-19,329582,0.573,1.394,915645
51.161.79.217,2026-04-20,353949,0.479,1.477,1269594
51.161.79.217,2026-04-21,378316,0.385,1.56,1647910
51.161.79.217,2026-04-22,402683,0.292,1.644,2050593
51.161.79.217,2026-04-23,427050,0.198,1.727,2477643
51.254.12.38,2026-04-17,668524,0.995,0.268,668524
51.254.12.38,2026-04-18,732350,0.995,0.352,1400874
51.254.12.38,2026-04-19,796176,0.995,0.435,2197050
51.254.12.38,2026-04-20,860002,0.995,0.518,3057052
51.254.12.38,2026-04-21,923828,0.995,0.602,3980880
51.254.12.38,2026-04-22,987654,0.995,0.685,4968534
51.254.12.38,2026-04-23,1051480,0.995,0.768,6020014
51.254.12.39,2026-04-17,668516,1.0,0.268,668516
51.254.12.39,2026-04-18,732337,1.0,0.352,1400853
51.254.12.39,2026-04-19,796159,1.0,0.435,2197012
51.254.12.39,2026-04-20,859980,1.0,0.518,3056992
51.254.12.39,2026-04-21,923802,1.0,0.602,3980794
51.254.12.39,2026-04-22,987623,1.0,0.685,4968417
51.254.12.39,2026-04-23,1051445,1.0,0.768,6019862
51.254.12.40,2026-04-17,668516,1.0,0.268,668516
51.254.12.40,2026-04-18,732337,1.0,0.352,1400853
51.254.12.40,2026-04-19,796159,1.0,0.435,2197012
51.254.12.40,2026-04-20,859980,1.0,0.518,3056992
51.254.12.40,2026-04-21,923802,1.0,0.602,3980794
51.254.12.40,2026-04-22,987623,1.0,0.685,4968417
51.254.12.40,2026-04-23,1051445,1.0,0.768,6019862
51.254.12.41,2026-04-17,775633,1.0,0.311,775633
51.254.12.41,2026-04-18,898966,1.0,0.418,1674599
51.254.12.41,2026-04-19,1022298,1.0,0.525,2696897
51.254.12.41,2026-04-20,1145631,1.0,0.632,3842528
51.254.12.41,2026-04-21,1268964,1.0,0.74,5111492
51.254.12.41,2026-04-22,1392297,1.0,0.847,6503789
51.254.12.41,2026-04-23,1515629,1.0,0.954,8019418
51.68.222.162,2026-04-17,247806,0.714,1.542,247806
51.68.222.162,2026-04-18,263931,0.586,1.792,511737
51.68.222.162,2026-04-19,280056,0.458,2.0,791793
51.68.222.162,2026-04-20,296181,0.33,2.0,1087974
51.68.222.162,2026-04-21,312306,0.203,2.0,1400280
51.68.222.162,2026-04-22,328431,0.075,2.0,1728711
51.68.222.162,2026-04-23,344556,0.0,2.0,2073267
51.75.164.228,2026-04-17,247803,0.96,1.031,247803
51.75.164.228,2026-04-18,263928,0.954,1.031,511731
51.75.164.228,2026-04-19,280053,0.948,1.031,791784
51.75.164.228,2026-04-20,296178,0.943,1.031,1087962
51.75.164.228,2026-04-21,312303,0.937,1.031,1400265
51.75.164.228,2026-04-22,328428,0.931,1.031,1728693
51.75.164.228,2026-04-23,344553,0.926,1.031,2073246
51.75.165.100,2026-04-13,3000,1.0,1.0,3000
51.75.165.100,2026-04-14,3000,1.0,1.0,6000
51.75.165.100,2026-04-15,3000,1.0,1.0,9000
51.75.165.100,2026-04-16,3000,1.0,1.0,12000
51.75.165.100,2026-04-17,3000,1.0,1.0,15000
51.75.165.100,2026-04-18,3000,1.0,1.0,18000
51.75.165.100,2026-04-19,3000,1.0,1.0,21000
51.75.165.108,2026-04-13,3000,1.0,1.0,3000
51.75.165.108,2026-04-14,3000,1.0,1.0,6000
51.75.165.108,2026-04-15,3000,1.0,1.0,9000
51.75.165.108,2026-04-16,3000,1.0,1.0,12000
51.75.165.108,2026-04-17,3000,1.0,1.0,15000
51.75.165.108,2026-04-18,3000,1.0,1.0,18000
51.75.165.108,2026-04-19,3000,1.0,1.0,21000
69.162.64.210,2026-04-14,0,1.0,0.0,0
69.162.64.210,2026-04-15,0,1.0,0.0,0
69.162.64.210,2026-04-16,0,1.0,0.0,0
69.162.64.210,2026-04-17,0,1.0,0.0,0
69.162.64.210,2026-04-18,0,1.0,0.0,0
69.162.64.210,2026-04-19,0,1.0,0.0,0
69.162.64.210,2026-04-20,0,1.0,0.0,0
69.162.64.212,2026-04-17,20592,0.778,0.675,20592
69.162.64.212,2026-04-18,0,0.655,1.05,20592
69.162.64.212,2026-04-19,0,0.531,1.425,20592
69.162.64.212,2026-04-20,0,0.408,1.8,20592
69.162.64.212,2026-04-21,0,0.284,2.0,20592
69.162.64.212,2026-04-22,0,0.161,2.0,20592
69.162.64.212,2026-04-23,0,0.038,2.0,20592
69.162.64.213,2026-04-14,116274,1.0,0.0,116274
69.162.64.213,2026-04-15,0,1.0,0.0,116274
69.162.64.213,2026-04-16,0,1.0,0.0,116274
69.162.64.213,2026-04-17,0,1.0,0.0,116274
69.162.64.213,2026-04-18,0,1.0,0.0,116274
69.162.64.213,2026-04-19,0,1.0,0.0,116274
69.162.64.213,2026-04-20,0,1.0,0.0,116274
69.162.64.214,2026-04-14,0,1.0,0.0,0
69.162.64.214,2026-04-15,0,1.0,0.0,0
69.162.64.214,2026-04-16,0,1.0,0.0,0
69.162.64.214,2026-04-17,0,1.0,0.0,0
69.162.64.214,2026-04-18,0,1.0,0.0,0
69.162.64.214,2026-04-19,0,1.0,0.0,0
69.162.64.214,2026-04-20,0,1.0,0.0,0
89.116.64.219,2026-04-17,605336,0.713,1.215,605336
89.116.64.219,2026-04-18,465156,0.753,1.215,1070492
89.116.64.219,2026-04-19,324976,0.793,1.215,1395468
89.116.64.219,2026-04-20,184797,0.833,1.215,1580265
89.116.64.219,2026-04-21,44617,0.873,1.215,1624882
89.116.64.219,2026-04-22,0,0.913,1.215,1624882
89.116.64.219,2026-04-23,0,0.953,1.215,1624882
89.116.64.220,2026-04-17,605333,0.718,1.248,605333
89.116.64.220,2026-04-18,465154,0.721,1.296,1070487
89.116.64.220,2026-04-19,324974,0.724,1.343,1395461
89.116.64.220,2026-04-20,184794,0.726,1.391,1580255
89.116.64.220,2026-04-21,44615,0.729,1.438,1624870
89.116.64.220,2026-04-22,0,0.732,1.486,1624870
89.116.64.220,2026-04-23,0,0.735,1.534,1624870
89.116.64.240,2026-04-17,605333,0.794,1.158,605333
89.116.64.240,2026-04-18,465154,0.797,1.205,1070487
89.116.64.240,2026-04-19,324974,0.8,1.253,1395461
89.116.64.240,2026-04-20,184794,0.803,1.301,1580255
89.116.64.240,2026-04-21,44615,0.806,1.348,1624870
89.116.64.240,2026-04-22,0,0.809,1.396,1624870
89.116.64.240,2026-04-23,0,0.812,1.443,1624870
89.117.12.14,2026-04-17,605331,0.838,1.151,605331
89.117.12.14,2026-04-18,465151,0.838,1.198,1070482
89.117.12.14,2026-04-19,324972,0.838,1.246,1395454
89.117.12.14,2026-04-20,184792,0.838,1.294,1580246
89.117.12.14,2026-04-21,44612,0.838,1.341,1624858
89.117.12.14,2026-04-22,0,0.838,1.389,1624858
89.117.12.14,2026-04-23,0,0.838,1.437,1624858
89.117.12.18,2026-04-17,411506,0.869,1.09,411506
89.117.12.18,2026-04-18,271326,0.869,1.137,682832
89.117.12.18,2026-04-19,131146,0.869,1.185,813978
89.117.12.18,2026-04-20,0,0.869,1.233,813978
89.117.12.18,2026-04-21,0,0.869,1.28,813978
89.117.12.18,2026-04-22,0,0.869,1.328,813978
89.117.12.18,2026-04-23,0,0.869,1.375,813978
89.117.12.21,2026-04-17,126483,0.927,1.049,126483
89.117.12.21,2026-04-18,30662,0.927,1.104,157145
89.117.12.21,2026-04-19,0,0.927,1.16,157145
89.117.12.21,2026-04-20,0,0.927,1.215,157145
89.117.12.21,2026-04-21,0,0.927,1.271,157145
89.117.12.21,2026-04-22,0,0.927,1.326,157145
89.117.12.21,2026-04-23,0,0.927,1.382,157145
89.117.12.26,2026-04-17,148644,0.972,0.984,148644
89.117.12.26,2026-04-18,8466,0.972,1.032,157110
89.117.12.26,2026-04-19,0,0.972,1.079,157110
89.117.12.26,2026-04-20,0,0.972,1.127,157110
89.117.12.26,2026-04-21,0,0.972,1.175,157110
89.117.12.26,2026-04-22,0,0.972,1.222,157110
89.117.12.26,2026-04-23,0,0.972,1.27,157110
89.117.12.28,2026-04-17,411506,0.929,1.037,411506
89.117.12.28,2026-04-18,271329,0.929,1.085,682835
89.117.12.28,2026-04-19,131152,0.929,1.132,813987
89.117.12.28,2026-04-20,0,0.929,1.18,813987
89.117.12.28,2026-04-21,0,0.929,1.227,813987
89.117.12.28,2026-04-22,0,0.929,1.275,813987
89.117.12.28,2026-04-23,0,0.929,1.323,813987
89.117.12.45,2026-04-17,126483,1.0,0.958,126483
89.117.12.45,2026-04-18,30665,1.0,1.014,157148
89.117.12.45,2026-04-19,0,1.0,1.069,157148
89.117.12.45,2026-04-20,0,1.0,1.125,157148
89.117.12.45,2026-04-21,0,1.0,1.181,157148
89.117.12.45,2026-04-22,0,1.0,1.236,157148
89.117.12.45,2026-04-23,0,1.0,1.292,157148
89.117.12.48,2026-04-17,153483,1.0,0.958,153483
89.117.12.48,2026-04-18,57665,1.0,1.014,211148
89.117.12.48,2026-04-19,0,1.0,1.069,211148
89.117.12.48,2026-04-20,0,1.0,1.125,211148
89.117.12.48,2026-04-21,0,1.0,1.181,211148
89.117.12.48,2026-04-22,0,1.0,1.236,211148
89.117.12.48,2026-04-23,0,1.0,1.292,211148
89.117.12.8,2026-04-17,168408,0.795,1.2,168408
89.117.12.8,2026-04-18,107280,0.795,1.267,275688
89.117.12.8,2026-04-19,46152,0.795,1.333,321840
89.117.12.8,2026-04-20,0,0.795,1.4,321840
89.117.12.8,2026-04-21,0,0.795,1.467,321840
89.117.12.8,2026-04-22,0,0.795,1.533,321840
89.117.12.8,2026-04-23,0,0.795,1.6,321840
89.117.12.9,2026-04-17,159733,0.874,1.119,159733
89.117.12.9,2026-04-18,63912,0.905,1.175,223645
89.117.12.9,2026-04-19,0,0.936,1.231,223645
89.117.12.9,2026-04-20,0,0.967,1.286,223645
89.117.12.9,2026-04-21,0,0.998,1.342,223645
89.117.12.9,2026-04-22,0,1.029,1.397,223645
89.117.12.9,2026-04-23,0,1.06,1.453,223645
91.223.3.150,2026-04-17,471284,1.033,0.078,471284
91.223.3.150,2026-04-18,460098,1.22,0.0,931382
91.223.3.150,2026-04-19,448913,1.408,0.0,1380295
91.223.3.150,2026-04-20,437727,1.5,0.0,1818022
91.223.3.150,2026-04-21,426542,1.5,0.0,2244564
91.223.3.150,2026-04-22,415356,1.5,0.0,2659920
91.223.3.150,2026-04-23,404171,1.5,0.0,3064091
91.223.3.186,2026-04-17,471281,1.038,0.178,471281
91.223.3.186,2026-04-18,460096,1.225,0.0,931377
91.223.3.186,2026-04-19,448910,1.413,0.0,1380287
91.223.3.186,2026-04-20,437725,1.5,0.0,1818012
91.223.3.186,2026-04-21,426539,1.5,0.0,2244551
91.223.3.186,2026-04-22,415354,1.5,0.0,2659905
91.223.3.186,2026-04-23,404168,1.5,0.0,3064073
91.223.3.187,2026-04-17,471281,1.038,0.078,471281
91.223.3.187,2026-04-18,460096,1.225,0.0,931377
91.223.3.187,2026-04-19,448910,1.413,0.0,1380287
91.223.3.187,2026-04-20,437725,1.5,0.0,1818012
91.223.3.187,2026-04-21,426539,1.5,0.0,2244551
91.223.3.187,2026-04-22,415354,1.5,0.0,2659905
91.223.3.187,2026-04-23,404168,1.5,0.0,3064073
91.223.3.189,2026-04-17,471279,1.037,0.109,471279
91.223.3.189,2026-04-18,460093,1.225,0.0,931372
91.223.3.189,2026-04-19,448908,1.412,0.0,1380280
91.223.3.189,2026-04-20,437722,1.5,0.0,1818002
91.223.3.189,2026-04-21,426537,1.5,0.0,2244539
91.223.3.189,2026-04-22,415351,1.5,0.0,2659890
91.223.3.189,2026-04-23,404166,1.5,0.0,3064056
91.223.3.194,2026-04-17,471279,1.038,0.078,471279
91.223.3.194,2026-04-18,460093,1.225,0.0,931372
91.223.3.194,2026-04-19,448908,1.413,0.0,1380280
91.223.3.194,2026-04-20,437722,1.5,0.0,1818002
91.223.3.194,2026-04-21,426537,1.5,0.0,2244539
91.223.3.194,2026-04-22,415351,1.5,0.0,2659890
91.223.3.194,2026-04-23,404166,1.5,0.0,3064056
91.223.3.195,2026-04-17,471277,1.036,0.211,471277
91.223.3.195,2026-04-18,460091,1.224,0.0,931368
91.223.3.195,2026-04-19,448906,1.411,0.0,1380274
91.223.3.195,2026-04-20,437720,1.5,0.0,1817994
91.223.3.195,2026-04-21,426535,1.5,0.0,2244529
91.223.3.195,2026-04-22,415349,1.5,0.0,2659878
91.223.3.195,2026-04-23,404164,1.5,0.0,3064042
91.223.3.196,2026-04-17,471276,1.036,0.198,471276
91.223.3.196,2026-04-18,460090,1.215,0.0,931366
91.223.3.196,2026-04-19,448904,1.395,0.0,1380270
91.223.3.196,2026-04-20,437719,1.5,0.0,1817989
91.223.3.196,2026-04-21,426534,1.5,0.0,2244523
91.223.3.196,2026-04-22,415348,1.5,0.0,2659871
91.223.3.196,2026-04-23,404162,1.5,0.0,3064033
91.223.3.197,2026-04-17,471276,1.038,0.078,471276
91.223.3.197,2026-04-18,460090,1.225,0.0,931366
91.223.3.197,2026-04-19,448904,1.413,0.0,1380270
91.223.3.197,2026-04-20,437719,1.5,0.0,1817989
91.223.3.197,2026-04-21,426534,1.5,0.0,2244523
91.223.3.197,2026-04-22,415348,1.5,0.0,2659871
91.223.3.197,2026-04-23,404162,1.5,0.0,3064033
91.223.3.198,2026-04-17,471276,1.036,0.118,471276
91.223.3.198,2026-04-18,460090,1.218,0.0,931366
91.223.3.198,2026-04-19,448904,1.4,0.0,1380270
91.223.3.198,2026-04-20,437719,1.5,0.0,1817989
91.223.3.198,2026-04-21,426534,1.5,0.0,2244523
91.223.3.198,2026-04-22,415348,1.5,0.0,2659871
91.223.3.198,2026-04-23,404162,1.5,0.0,3064033
91.223.3.199,2026-04-17,471273,1.016,0.103,471273
91.223.3.199,2026-04-18,460087,1.094,0.0,931360
91.223.3.199,2026-04-19,448902,1.171,0.0,1380262
91.223.3.199,2026-04-20,437716,1.249,0.0,1817978
91.223.3.199,2026-04-21,426530,1.327,0.0,2244508
91.223.3.199,2026-04-22,415344,1.405,0.0,2659852
91.223.3.199,2026-04-23,404159,1.483,0.0,3064011
91.223.3.200,2026-04-17,471273,1.013,0.103,471273
91.223.3.200,2026-04-18,460087,1.075,0.0,931360
91.223.3.200,2026-04-19,448902,1.138,0.0,1380262
91.223.3.200,2026-04-20,437716,1.2,0.0,1817978
91.223.3.200,2026-04-21,426530,1.263,0.0,2244508
91.223.3.200,2026-04-22,415344,1.325,0.0,2659852
91.223.3.200,2026-04-23,404159,1.388,0.0,3064011
91.223.3.204,2026-04-17,471273,1.013,0.134,471273
91.223.3.204,2026-04-18,460087,1.075,0.0,931360
91.223.3.204,2026-04-19,448902,1.138,0.0,1380262
91.223.3.204,2026-04-20,437716,1.2,0.0,1817978
91.223.3.204,2026-04-21,426530,1.263,0.0,2244508
91.223.3.204,2026-04-22,415344,1.325,0.0,2659852
91.223.3.204,2026-04-23,404159,1.388,0.0,3064011
91.223.3.208,2026-04-17,471273,1.013,0.103,471273
91.223.3.208,2026-04-18,460087,1.075,0.0,931360
91.223.3.208,2026-04-19,448902,1.138,0.0,1380262
91.223.3.208,2026-04-20,437716,1.2,0.0,1817978
91.223.3.208,2026-04-21,426530,1.263,0.0,2244508
91.223.3.208,2026-04-22,415344,1.325,0.0,2659852
91.223.3.208,2026-04-23,404159,1.388,0.0,3064011
91.223.3.209,2026-04-17,471272,1.011,0.103,471272
91.223.3.209,2026-04-18,460086,1.067,0.0,931358
91.223.3.209,2026-04-19,448900,1.122,0.0,1380258
91.223.3.209,2026-04-20,437715,1.178,0.0,1817973
91.223.3.209,2026-04-21,426529,1.233,0.0,2244502
91.223.3.209,2026-04-22,415343,1.289,0.0,2659845
91.223.3.209,2026-04-23,404157,1.345,0.0,3064002
