campaign_id,datetime_gride,sent_gride,r_sent_gride,servers_list,nb_servers
,2026-04-10 01:05:50,,,[],0
25594757.0,2026-04-12 01:03:21,208250.0,208248.0,['s_cmh6_5940'],1
25594853.0,2026-04-12 01:04:22,62400.0,62420.0,"['s_cmh11_1341', 's_cmh11_1343', 's_cmh11_1372', 's_cmh11_1388']",4
25594913.0,2026-04-12 01:05:20,11700.0,11711.0,"['s_cmh8_3583', 's_cmh8_3617', 's_cmh8_3656']",3
25595182.0,2026-04-12 01:14:10,9300.0,9304.0,"['s_cmh8_3583', 's_cmh8_3617', 's_cmh8_3656']",3
25595271.0,2026-04-12 01:18:13,168000.0,167939.0,['s_cmh9_5698'],1
25595300.0,2026-04-12 01:20:11,6700.0,6704.0,"['s_cmh8_3617', 's_cmh8_3656']",2
25595404.0,2026-04-12 01:26:10,5660.0,2837.0,"['s_cmh8_3617', 's_cmh8_3656']",2
25595491.0,2026-04-12 01:30:56,61376.0,61399.0,"['s_cmh11_1341', 's_cmh11_1343', 's_cmh11_1372', 's_cmh11_1388']",4
25595495.0,2026-04-12 01:31:08,85515.0,85517.0,['s_cmh15_654'],1
25595506.0,2026-04-12 01:31:37,3900.0,0.0,['s_cmh8_3656'],1
25595836.0,2026-04-12 01:38:09,12000.0,12012.0,"['s_cmh8_3583', 's_cmh8_3617', 's_cmh8_3656']",3
25595838.0,2026-04-12 01:38:13,164726.0,164723.0,['s_cmh6_5940'],1
25595907.0,2026-04-12 01:44:10,9360.0,9365.0,"['s_cmh8_3583', 's_cmh8_3617', 's_cmh8_3656']",3
25596013.0,2026-04-12 01:50:09,6800.0,6804.0,"['s_cmh8_3617', 's_cmh8_3656']",2
25596058.0,2026-04-12 01:53:10,168000.0,167997.0,['s_cmh9_5698'],1
25596089.0,2026-04-12 01:56:09,2880.0,1321.0,['s_cmh8_3656'],1
25596099.0,2026-04-12 01:57:12,85515.0,83812.0,['s_cmh15_654'],1
25596100.0,2026-04-12 01:57:12,65000.0,65023.0,"['s_cmh11_1341', 's_cmh11_1343', 's_cmh11_1372', 's_cmh11_1388']",4
25596183.0,2026-04-12 02:02:10,4000.0,0.0,['s_cmh8_3656'],1
25596407.0,2026-04-12 02:08:10,12300.0,6331.0,"['s_cmh8_3583', 's_cmh8_3617', 's_cmh8_3656']",3
25596569.0,2026-04-12 02:14:09,9420.0,9425.0,"['s_cmh8_3583', 's_cmh8_3617', 's_cmh8_3656']",3
25596594.0,2026-04-12 02:16:12,216750.0,173653.0,['s_cmh6_5940'],1
25596666.0,2026-04-12 02:20:10,6900.0,6903.0,"['s_cmh8_3617', 's_cmh8_3656']",2
25596692.0,2026-04-12 02:22:10,88515.0,84690.0,['s_cmh15_654'],1
25596693.0,2026-04-12 02:22:11,66300.0,66326.0,"['s_cmh11_1341', 's_cmh11_1343', 's_cmh11_1372', 's_cmh11_1388']",4
25596709.0,2026-04-12 02:23:10,2930.0,38.0,"['s_cmh8_3617', 's_cmh8_3656']",2
25596761.0,2026-04-12 02:28:10,31976.0,31986.0,['s_cmh9_5698'],1
25596825.0,2026-04-12 02:32:09,4100.0,0.0,['s_cmh8_3656'],1
25597097.0,2026-04-12 02:38:09,4200.0,4204.0,['s_cmh8_3617'],1
25597200.0,2026-04-12 02:44:10,9480.0,9485.0,"['s_cmh8_3583', 's_cmh8_3617', 's_cmh8_3656']",3
25597223.0,2026-04-12 02:47:11,88515.0,83809.0,['s_cmh15_654'],1
25597247.0,2026-04-12 02:48:09,3500.0,3502.0,"['s_cmh8_3583', 's_cmh8_3617', 's_cmh8_3656']",3
25597248.0,2026-04-12 02:48:11,13000.0,13009.0,['s_cmh6_5940'],1
25597333.0,2026-04-12 02:56:10,2980.0,1.0,['s_cmh8_3617'],1
25597394.0,2026-04-12 03:02:09,4200.0,0.0,['s_cmh8_3656'],1
25597449.0,2026-04-12 03:03:11,168000.0,168005.0,['s_cmh9_5698'],1
25597557.0,2026-04-12 03:08:10,4300.0,4301.0,['s_cmh8_3617'],1
25597665.0,2026-04-12 03:12:11,24916.0,24921.0,['s_cmh15_654'],1
25597714.0,2026-04-12 03:14:09,9540.0,9546.0,"['s_cmh8_3583', 's_cmh8_3617', 's_cmh8_3656']",3
25597810.0,2026-04-12 03:18:10,3550.0,3552.0,"['s_cmh8_3583', 's_cmh8_3617', 's_cmh8_3656']",3
25597903.0,2026-04-12 03:24:10,13250.0,13260.0,['s_cmh6_5940'],1
25597921.0,2026-04-12 03:26:09,3030.0,0.0,['s_cmh8_3656'],1
25597996.0,2026-04-12 03:32:09,4300.0,0.0,['s_cmh8_3656'],1
25598243.0,2026-04-12 03:37:11,91515.0,84214.0,['s_cmh15_654'],1
25598260.0,2026-04-12 03:38:09,8800.0,8808.0,"['s_cmh8_3583', 's_cmh8_3656']",2
25598262.0,2026-04-12 03:38:11,168000.0,167976.0,['s_cmh9_5698'],1
25598357.0,2026-04-12 03:44:09,9600.0,7954.0,"['s_cmh8_3583', 's_cmh8_3617', 's_cmh8_3656']",3
25598411.0,2026-04-12 03:47:09,3600.0,2956.0,"['s_cmh8_3583', 's_cmh8_3617', 's_cmh8_3656']",3
25598547.0,2026-04-12 03:53:09,3080.0,2068.0,"['s_cmh8_3583', 's_cmh8_3617', 's_cmh8_3656']",3
25598603.0,2026-04-12 03:58:10,13500.0,13508.0,['s_cmh6_5940'],1
25598653.0,2026-04-12 04:02:11,4400.0,0.0,['s_cmh8_3656'],1
25598654.0,2026-04-12 04:02:12,94515.0,84389.0,['s_cmh15_654'],1
25598791.0,2026-04-12 04:08:09,9000.0,9007.0,"['s_cmh8_3583', 's_cmh8_3656']",2
25598951.0,2026-04-12 04:13:11,36976.0,36986.0,['s_cmh9_5698'],1
25598974.0,2026-04-12 04:14:09,3220.0,3222.0,['s_cmh8_3617'],1
25599021.0,2026-04-12 04:17:10,3650.0,3652.0,['s_cmh8_3617'],1
25599184.0,2026-04-12 04:23:09,3130.0,698.0,['s_cmh8_3617'],1
25599235.0,2026-04-12 04:27:10,94515.0,84030.0,['s_cmh15_654'],1
25599341.0,2026-04-12 04:32:10,4500.0,0.0,['s_cmh8_3656'],1
25599428.0,2026-04-12 04:34:11,13750.0,13759.0,['s_cmh6_5940'],1
25599523.0,2026-04-12 04:38:09,9200.0,9207.0,"['s_cmh8_3583', 's_cmh8_3656']",2
25599545.0,2026-04-12 04:41:09,3240.0,3244.0,"['s_cmh8_3583', 's_cmh8_3656']",2
25599587.0,2026-04-12 04:47:09,3700.0,3704.0,"['s_cmh8_3583', 's_cmh8_3656']",2
25599605.0,2026-04-12 04:48:11,168000.0,167985.0,['s_cmh9_5698'],1
25599676.0,2026-04-12 04:56:09,3180.0,841.0,['s_cmh8_3656'],1
25599715.0,2026-04-12 05:02:09,4600.0,0.0,['s_cmh8_3656'],1
25599888.0,2026-04-12 05:08:09,9400.0,6348.0,"['s_cmh8_3583', 's_cmh8_3656']",2
25599924.0,2026-04-12 05:09:11,14000.0,14010.0,['s_cmh6_5940'],1
25600032.0,2026-04-12 05:14:09,3260.0,3261.0,['s_cmh8_3656'],1
25600064.0,2026-04-12 05:17:09,3750.0,3751.0,['s_cmh8_3656'],1
25600157.0,2026-04-12 05:23:09,3230.0,7.0,['s_cmh8_3656'],1
25600159.0,2026-04-12 05:23:11,168000.0,167996.0,['s_cmh9_5698'],1
25600289.0,2026-04-12 05:32:10,4700.0,0.0,['s_cmh8_3656'],1
25600494.0,2026-04-12 05:38:09,4800.0,4804.0,['s_cmh8_3583'],1
25612346.0,2026-04-12 14:35:16,192000.0,184152.0,['s_cmh9_5698'],1
25612370.0,2026-04-12 14:35:43,192000.0,176872.0,['s_cmh9_5698'],1
25612880.0,2026-04-12 14:52:12,42000.0,332.0,['s_cmh9_5687'],1
25612962.0,2026-04-12 14:55:30,42000.0,21386.0,['s_cmh9_5687'],1
25623184.0,2026-04-12 19:35:21,192000.0,191996.0,['s_cmh9_5698'],1
25623574.0,2026-04-12 19:46:19,12943.0,11417.0,['s_cmh9_5689'],1
25623881.0,2026-04-12 19:55:18,42000.0,14259.0,['s_cmh9_5687'],1
25624327.0,2026-04-12 20:07:19,168000.0,167965.0,['s_cmh9_5698'],1
25624696.0,2026-04-12 20:16:19,33000.0,33001.0,['s_cmh9_5689'],1
25624884.0,2026-04-12 20:23:18,42000.0,36270.0,['s_cmh9_5687'],1
25625479.0,2026-04-12 20:37:19,87943.0,87946.0,['s_cmh9_5698'],1
25627970.0,2026-04-12 21:59:19,72800.0,72828.0,"['s_cmh11_1341', 's_cmh11_1343', 's_cmh11_1372', 's_cmh11_1388']",4
25629017.0,2026-04-12 22:31:19,76300.0,76317.0,"['s_cmh11_1341', 's_cmh11_1343', 's_cmh11_1372', 's_cmh11_1388']",4
25629929.0,2026-04-12 23:01:20,79800.0,79822.0,"['s_cmh11_1341', 's_cmh11_1343', 's_cmh11_1372', 's_cmh11_1388']",4
25630433.0,2026-04-12 23:10:53,102693.0,79735.0,['s_cmh6_5940'],1
25630956.0,2026-04-12 23:31:20,79043.0,79060.0,"['s_cmh11_1341', 's_cmh11_1343', 's_cmh11_1372', 's_cmh11_1388']",4
25631520.0,2026-04-12 23:42:21,255000.0,65232.0,['s_cmh6_5940'],1
25631666.0,2026-04-12 23:47:17,41100.0,41101.0,['s_cmh2_6101'],1
25631668.0,2026-04-12 23:47:18,6400.0,6406.0,['s_cmh2_6121'],1
25631903.0,2026-04-12 23:59:18,12000.0,12006.0,['s_cmh2_6145'],1
25631944.0,2026-04-13 00:01:20,86800.0,86825.0,"['s_cmh11_1341', 's_cmh11_1343', 's_cmh11_1372', 's_cmh11_1388']",4
25632225.0,2026-04-13 00:10:20,117943.0,85566.0,['s_cmh6_5940'],1
25632442.0,2026-04-13 00:20:19,150000.0,75408.0,['s_cmh6_5940'],1
25633129.0,2026-04-13 00:42:18,160000.0,65656.0,['s_cmh6_5940'],1
25633316.0,2026-04-13 00:52:19,62943.0,18417.0,['s_cmh6_5940'],1
25633744.0,2026-04-13 01:12:19,165000.0,66249.0,['s_cmh6_5940'],1
25633990.0,2026-04-13 01:22:19,150000.0,56100.0,['s_cmh6_5940'],1
25634522.0,2026-04-13 01:42:20,57943.0,57869.0,['s_cmh6_5940'],1
25635086.0,2026-04-13 02:12:19,175000.0,64750.0,['s_cmh6_5940'],1
25635827.0,2026-04-13 02:42:21,180000.0,64305.0,['s_cmh6_5940'],1
25636363.0,2026-04-13 03:12:20,17943.0,17952.0,['s_cmh6_5940'],1
25636995.0,2026-04-13 03:42:20,190000.0,65694.0,['s_cmh6_5940'],1
25637504.0,2026-04-13 04:12:20,182943.0,65343.0,['s_cmh6_5940'],1
25638111.0,2026-04-13 04:42:20,200000.0,65110.0,['s_cmh6_5940'],1
25638599.0,2026-04-13 05:12:20,172943.0,65940.0,['s_cmh6_5940'],1
25639137.0,2026-04-13 05:42:21,210000.0,65686.0,['s_cmh6_5940'],1
25639592.0,2026-04-13 06:12:20,162943.0,65170.0,['s_cmh6_5940'],1
25642285.0,2026-04-13 09:55:20,102693.0,102433.0,['s_cmh6_5940'],1
25642550.0,2026-04-13 10:09:15,150000.0,115085.0,['s_cmh6_5940'],1
25642719.0,2026-04-13 10:21:13,50000.0,6962.0,['s_cmh6_5940'],1
25642729.0,2026-04-13 10:22:19,45000.0,20124.0,['s_cmh6_5940'],1
25642941.0,2026-04-13 10:37:19,222929.0,104624.0,['s_cmh6_5940'],1
25643163.0,2026-04-13 10:51:23,230000.0,102999.0,['s_cmh6_5940'],1
25648185.0,2026-04-13 13:44:32,38400.0,25150.0,"['s_cmh8_3583', 's_cmh8_3617', 's_cmh8_3656']",3
25652225.0,2026-04-13 15:41:18,9840.0,9846.0,"['s_cmh8_3583', 's_cmh8_3617', 's_cmh8_3656']",3
25652484.0,2026-04-13 15:49:18,11400.0,11392.0,"['s_cmh8_3583', 's_cmh8_3617', 's_cmh8_3656']",3
25652707.0,2026-04-13 15:55:18,9840.0,9852.0,"['s_cmh8_3583', 's_cmh8_3617', 's_cmh8_3656']",3
25652856.0,2026-04-13 16:01:18,14400.0,9608.0,"['s_cmh8_3583', 's_cmh8_3617', 's_cmh8_3656']",3
25653577.0,2026-04-13 16:13:18,15000.0,15011.0,"['s_cmh8_3583', 's_cmh8_3617', 's_cmh8_3656']",3
25653706.0,2026-04-13 16:17:18,9900.0,9906.0,"['s_cmh8_3583', 's_cmh8_3617', 's_cmh8_3656']",3
25654003.0,2026-04-13 16:25:18,11550.0,11556.0,"['s_cmh8_3583', 's_cmh8_3617', 's_cmh8_3656']",3
25654180.0,2026-04-13 16:29:49,9990.0,10002.0,"['s_cmh8_3583', 's_cmh8_3617', 's_cmh8_3656']",3
25654714.0,2026-04-13 16:37:20,14700.0,9807.0,"['s_cmh8_3583', 's_cmh8_3617', 's_cmh8_3656']",3
25655162.0,2026-04-13 16:49:19,15300.0,15310.0,"['s_cmh8_3583', 's_cmh8_3617', 's_cmh8_3656']",3
25655234.0,2026-04-13 16:50:57,81000.0,81002.0,"['s_cmh9_5687', 's_cmh9_5689']",2
25655297.0,2026-04-13 16:53:18,9960.0,9966.0,"['s_cmh8_3583', 's_cmh8_3617', 's_cmh8_3656']",3
25655364.0,2026-04-13 16:57:23,82500.0,82519.0,"['s_cmh11_1341', 's_cmh11_1343', 's_cmh11_1372', 's_cmh11_1388']",4
25655554.0,2026-04-13 17:01:17,11700.0,11706.0,"['s_cmh8_3583', 's_cmh8_3617', 's_cmh8_3656']",3
25655902.0,2026-04-13 17:07:17,10140.0,10152.0,"['s_cmh8_3583', 's_cmh8_3617', 's_cmh8_3656']",3
25656275.0,2026-04-13 17:13:17,15000.0,10006.0,"['s_cmh8_3583', 's_cmh8_3617', 's_cmh8_3656']",3
25656376.0,2026-04-13 17:17:21,108000.0,108009.0,"['s_cmh9_5687', 's_cmh9_5689']",2
25656609.0,2026-04-13 17:24:18,85250.0,85269.0,"['s_cmh11_1341', 's_cmh11_1343', 's_cmh11_1372', 's_cmh11_1388']",4
25656628.0,2026-04-13 17:25:18,15600.0,15608.0,"['s_cmh8_3583', 's_cmh8_3617', 's_cmh8_3656']",3
25656775.0,2026-04-13 17:31:18,10020.0,10026.0,"['s_cmh8_3583', 's_cmh8_3617', 's_cmh8_3656']",3
25657116.0,2026-04-13 17:35:19,11850.0,11855.0,"['s_cmh8_3583', 's_cmh8_3617', 's_cmh8_3656']",3
25657345.0,2026-04-13 17:40:13,135000.0,135002.0,"['s_cmh9_5687', 's_cmh9_5689']",2
25657438.0,2026-04-13 17:43:17,10290.0,9707.0,"['s_cmh8_3583', 's_cmh8_3617', 's_cmh8_3656']",3
25657657.0,2026-04-13 17:49:18,88000.0,88011.0,"['s_cmh11_1341', 's_cmh11_1343', 's_cmh11_1372', 's_cmh11_1388']",4
25657658.0,2026-04-13 17:49:19,15300.0,10207.0,"['s_cmh8_3583', 's_cmh8_3617', 's_cmh8_3656']",3
25658029.0,2026-04-13 18:01:17,15900.0,15912.0,"['s_cmh8_3583', 's_cmh8_3617', 's_cmh8_3656']",3
25658335.0,2026-04-13 18:05:18,162000.0,162008.0,"['s_cmh9_5687', 's_cmh9_5689']",2
25658432.0,2026-04-13 18:07:17,10080.0,10084.0,"['s_cmh8_3583', 's_cmh8_3617', 's_cmh8_3656']",3
25658774.0,2026-04-13 18:13:17,12000.0,7237.0,"['s_cmh8_3583', 's_cmh8_3617', 's_cmh8_3656']",3
25658803.0,2026-04-13 18:14:18,90750.0,90765.0,"['s_cmh11_1341', 's_cmh11_1343', 's_cmh11_1372', 's_cmh11_1388']",4
25658975.0,2026-04-13 18:19:18,6960.0,3906.0,"['s_cmh8_3617', 's_cmh8_3656']",2
25658978.0,2026-04-13 18:19:19,72000.0,71608.0,['s_cmh9_5702'],1
25659064.0,2026-04-13 18:23:12,15600.0,5218.0,"['s_cmh8_3583', 's_cmh8_3617', 's_cmh8_3656']",3
25659387.0,2026-04-13 18:32:19,138920.0,138923.0,"['s_cmh9_5687', 's_cmh9_5689']",2
25659698.0,2026-04-13 18:35:12,16200.0,16211.0,"['s_cmh8_3583', 's_cmh8_3617', 's_cmh8_3656']",3
25659866.0,2026-04-13 18:39:18,26420.0,26439.0,"['s_cmh11_1341', 's_cmh11_1343', 's_cmh11_1372']",3
25659921.0,2026-04-13 18:41:12,10140.0,10146.0,"['s_cmh8_3583', 's_cmh8_3617', 's_cmh8_3656']",3
25659994.0,2026-04-13 18:43:18,84000.0,84005.0,['s_cmh9_5702'],1
25660172.0,2026-04-13 18:47:13,8100.0,6308.0,"['s_cmh8_3617', 's_cmh8_3656']",2
25660376.0,2026-04-13 18:53:12,3530.0,106.0,['s_cmh8_3617'],1
25660532.0,2026-04-13 18:57:19,216000.0,215995.0,"['s_cmh9_5687', 's_cmh9_5689']",2
25660631.0,2026-04-13 18:59:14,5300.0,0.0,['s_cmh8_3656'],1
25660880.0,2026-04-13 19:04:17,87500.0,87517.0,"['s_cmh11_1341', 's_cmh11_1343', 's_cmh11_1372']",3
25661081.0,2026-04-13 19:08:19,72920.0,72743.0,['s_cmh9_5702'],1
25661318.0,2026-04-13 19:11:14,8230.0,8236.0,"['s_cmh8_3583', 's_cmh8_3617', 's_cmh8_3656']",3
25661561.0,2026-04-13 19:17:12,10200.0,10206.0,"['s_cmh8_3583', 's_cmh8_3617', 's_cmh8_3656']",3
25661752.0,2026-04-13 19:22:19,243000.0,243000.0,"['s_cmh9_5687', 's_cmh9_5689']",2
25661776.0,2026-04-13 19:23:12,4100.0,909.0,['s_cmh8_3617'],1
25661903.0,2026-04-13 19:29:08,3580.0,25.0,['s_cmh8_3617'],1
25661908.0,2026-04-13 19:29:17,90000.0,90017.0,"['s_cmh11_1341', 's_cmh11_1343', 's_cmh11_1372']",3
25662114.0,2026-04-13 19:33:18,108000.0,108005.0,['s_cmh9_5702'],1
25662319.0,2026-04-13 19:35:12,5400.0,0.0,['s_cmh8_3656'],1
25662701.0,2026-04-13 19:47:12,16800.0,16812.0,"['s_cmh8_3583', 's_cmh8_3617', 's_cmh8_3656']",3
25662707.0,2026-04-13 19:47:19,21920.0,21932.0,"['s_cmh9_5687', 's_cmh9_5689']",2
25662941.0,2026-04-13 19:53:12,10260.0,10263.0,"['s_cmh8_3583', 's_cmh8_3617', 's_cmh8_3656']",3
25662985.0,2026-04-13 19:54:17,92500.0,92508.0,"['s_cmh11_1341', 's_cmh11_1343', 's_cmh11_1372']",3
25663075.0,2026-04-13 19:58:18,120000.0,119423.0,['s_cmh9_5702'],1
25663093.0,2026-04-13 19:59:07,4150.0,2822.0,"['s_cmh8_3583', 's_cmh8_3617', 's_cmh8_3656']",3
25663361.0,2026-04-13 20:05:08,3630.0,2530.0,"['s_cmh8_3583', 's_cmh8_3617', 's_cmh8_3656']",3
25663727.0,2026-04-13 20:11:12,5500.0,0.0,['s_cmh8_3656'],1
25663744.0,2026-04-13 20:12:19,252920.0,252905.0,"['s_cmh9_5687', 's_cmh9_5689']",2
25664082.0,2026-04-13 20:19:19,95000.0,95014.0,"['s_cmh11_1341', 's_cmh11_1343', 's_cmh11_1372']",3
25664175.0,2026-04-13 20:23:12,17100.0,17112.0,"['s_cmh8_3583', 's_cmh8_3617', 's_cmh8_3656']",3
25664179.0,2026-04-13 20:23:18,121000.0,114877.0,['s_cmh9_5702'],1
25664324.0,2026-04-13 20:29:12,10320.0,6883.0,"['s_cmh8_3583', 's_cmh8_3617', 's_cmh8_3656']",3
25664766.0,2026-04-13 20:35:08,4200.0,2804.0,"['s_cmh8_3583', 's_cmh8_3617', 's_cmh8_3656']",3
25664849.0,2026-04-13 20:37:19,251920.0,251910.0,"['s_cmh9_5687', 's_cmh9_5689']",2
25664965.0,2026-04-13 20:41:07,3680.0,2460.0,"['s_cmh8_3583', 's_cmh8_3617', 's_cmh8_3656']",3
25665041.0,2026-04-13 20:44:17,7920.0,7939.0,"['s_cmh11_1341', 's_cmh11_1343', 's_cmh11_1372']",3
25665116.0,2026-04-13 20:47:12,5600.0,0.0,['s_cmh8_3656'],1
25665150.0,2026-04-13 20:48:18,84000.0,74253.0,['s_cmh9_5702'],1
25665469.0,2026-04-13 20:59:12,17400.0,17412.0,"['s_cmh8_3583', 's_cmh8_3617', 's_cmh8_3656']",3
25665730.0,2026-04-13 21:05:12,10380.0,6923.0,"['s_cmh8_3583', 's_cmh8_3617', 's_cmh8_3656']",3
25666055.0,2026-04-13 21:11:07,4250.0,2832.0,"['s_cmh8_3583', 's_cmh8_3617', 's_cmh8_3656']",3
25666239.0,2026-04-13 21:17:08,3730.0,2493.0,"['s_cmh8_3583', 's_cmh8_3617', 's_cmh8_3656']",3
25666548.0,2026-04-13 21:23:12,5700.0,0.0,['s_cmh8_3656'],1
25667759.0,2026-04-13 22:03:00,69500.0,46550.0,['s_cmh2_6101'],1
25667938.0,2026-04-13 22:07:17,6400.0,6405.0,['s_cmh2_6121'],1
25668323.0,2026-04-13 22:14:17,6500.0,6506.0,['s_cmh2_6145'],1
25668537.0,2026-04-13 22:19:18,10200.0,10206.0,['s_cmh2_6127'],1
25669478.0,2026-04-13 22:39:17,45300.0,45306.0,['s_cmh2_6101'],1
25669552.0,2026-04-13 22:42:17,6400.0,6405.0,['s_cmh2_6121'],1
25669725.0,2026-04-13 22:49:17,7000.0,7003.0,['s_cmh2_6145'],1
25669859.0,2026-04-13 22:54:53,10200.0,9389.0,['s_cmh2_6127'],1
25670750.0,2026-04-13 23:14:17,45900.0,45901.0,['s_cmh2_6101'],1
25670858.0,2026-04-13 23:17:17,7066.0,7072.0,['s_cmh2_6121'],1
25671116.0,2026-04-13 23:24:17,7666.0,7672.0,['s_cmh2_6145'],1
25671380.0,2026-04-13 23:31:17,5433.0,5439.0,['s_cmh2_6127'],1
25672148.0,2026-04-13 23:49:17,46500.0,46497.0,['s_cmh2_6101'],1
25672224.0,2026-04-13 23:52:17,7066.0,7072.0,['s_cmh2_6121'],1
25672429.0,2026-04-13 23:59:17,8332.0,8338.0,['s_cmh2_6145'],1
25672632.0,2026-04-14 00:06:17,5433.0,5439.0,['s_cmh2_6127'],1
25673186.0,2026-04-14 00:24:17,47100.0,47101.0,['s_cmh2_6101'],1
25673219.0,2026-04-14 00:27:17,7732.0,7738.0,['s_cmh2_6121'],1
25673618.0,2026-04-14 00:34:17,8998.0,9004.0,['s_cmh2_6145'],1
25673847.0,2026-04-14 00:39:18,5766.0,5772.0,['s_cmh2_6127'],1
25674252.0,2026-04-14 00:59:18,49500.0,0.0,['s_cmh2_6101'],1
25674279.0,2026-04-14 01:00:19,7732.0,7738.0,['s_cmh2_6121'],1
25674629.0,2026-04-14 01:09:17,9664.0,9670.0,['s_cmh2_6145'],1
25674808.0,2026-04-14 01:16:17,5766.0,5771.0,['s_cmh2_6127'],1
25675321.0,2026-04-14 01:34:17,55500.0,55497.0,['s_cmh2_6101'],1
25675394.0,2026-04-14 01:36:47,8398.0,8403.0,['s_cmh2_6121'],1
25675621.0,2026-04-14 01:43:09,10330.0,10336.0,['s_cmh2_6127'],1
25675809.0,2026-04-14 01:50:18,26700.0,25063.0,"['s_cmh8_3583', 's_cmh8_3617', 's_cmh8_3656']",3
25675822.0,2026-04-14 01:51:17,6099.0,6105.0,['s_cmh2_6127'],1
25675935.0,2026-04-14 01:59:17,24240.0,16162.0,"['s_cmh8_3583', 's_cmh8_3617', 's_cmh8_3656']",3
25676142.0,2026-04-14 02:06:17,24150.0,23992.0,"['s_cmh8_3583', 's_cmh8_3617', 's_cmh8_3656']",3
25676269.0,2026-04-14 02:09:17,7191.0,7195.0,['s_cmh2_6101'],1
25676346.0,2026-04-14 02:12:17,9398.0,9403.0,['s_cmh2_6121'],1
25676388.0,2026-04-14 02:13:17,20340.0,19900.0,"['s_cmh8_3583', 's_cmh8_3617', 's_cmh8_3656']",3
25676534.0,2026-04-14 02:19:17,23700.0,7904.0,"['s_cmh8_3583', 's_cmh8_3617', 's_cmh8_3656']",3
25676533.0,2026-04-14 02:19:17,11096.0,11100.0,['s_cmh2_6145'],1
25676650.0,2026-04-14 02:26:17,6099.0,6103.0,['s_cmh2_6127'],1
25676689.0,2026-04-14 02:28:17,15800.0,15806.0,"['s_cmh8_3583', 's_cmh8_3617']",2
25677077.0,2026-04-14 02:35:17,23490.0,13056.0,"['s_cmh8_3583', 's_cmh8_3617', 's_cmh8_3656']",3
25677209.0,2026-04-14 02:42:17,24900.0,1107.0,"['s_cmh8_3583', 's_cmh8_3617', 's_cmh8_3656']",3
25677278.0,2026-04-14 02:44:17,63000.0,47984.0,['s_cmh2_6101'],1
25677370.0,2026-04-14 02:47:17,10064.0,9877.0,['s_cmh2_6121'],1
25677414.0,2026-04-14 02:49:17,7030.0,71.0,['s_cmh8_3617'],1
25677490.0,2026-04-14 02:54:17,11762.0,11764.0,['s_cmh2_6145'],1
25677500.0,2026-04-14 02:55:17,8150.0,0.0,['s_cmh8_3656'],1
25677590.0,2026-04-14 03:01:17,6432.0,2381.0,['s_cmh2_6127'],1
25677646.0,2026-04-14 03:04:17,16300.0,16308.0,"['s_cmh8_3583', 's_cmh8_3617']",2
25677828.0,2026-04-14 03:11:17,12122.0,1137.0,"['s_cmh8_3617', 's_cmh8_3656']",2
25677950.0,2026-04-14 03:18:17,8550.0,0.0,['s_cmh8_3656'],1
25677974.0,2026-04-14 03:19:17,66000.0,21606.0,['s_cmh2_6101'],1
25678019.0,2026-04-14 03:22:17,5032.0,3228.0,['s_cmh2_6121'],1
25678039.0,2026-04-14 03:23:17,7280.0,0.0,['s_cmh8_3656'],1
25678126.0,2026-04-14 03:29:17,12428.0,12434.0,['s_cmh2_6145'],1
25678169.0,2026-04-14 03:31:17,8400.0,0.0,['s_cmh8_3656'],1
25678349.0,2026-04-14 03:34:17,6432.0,6438.0,['s_cmh2_6145'],1
25678541.0,2026-04-14 03:40:17,16800.0,16807.0,"['s_cmh8_3583', 's_cmh8_3617']",2
25678653.0,2026-04-14 03:47:17,8330.0,0.0,['s_cmh8_3656'],1
25678844.0,2026-04-14 03:54:17,8800.0,0.0,['s_cmh8_3656'],1
25678918.0,2026-04-14 03:59:17,7530.0,0.0,['s_cmh8_3656'],1
25679108.0,2026-04-14 04:07:17,8650.0,0.0,['s_cmh8_3656'],1
25686072.0,2026-04-14 10:07:17,14000.0,14007.0,"['s_cmh8_3583', 's_cmh8_3617']",2
25686204.0,2026-04-14 10:14:17,7000.0,7002.0,['s_cmh8_3656'],1
25686371.0,2026-04-14 10:21:18,21000.0,21006.0,"['s_cmh8_3583', 's_cmh8_3617', 's_cmh8_3656']",3
25686467.0,2026-04-14 10:28:17,21000.0,19777.0,"['s_cmh8_3583', 's_cmh8_3617', 's_cmh8_3656']",3
25686643.0,2026-04-14 10:35:18,21000.0,14007.0,"['s_cmh8_3583', 's_cmh8_3617', 's_cmh8_3656']",3
25686800.0,2026-04-14 10:43:17,21750.0,21762.0,"['s_cmh8_3583', 's_cmh8_3617', 's_cmh8_3656']",3
25686903.0,2026-04-14 10:50:17,21750.0,21754.0,"['s_cmh8_3583', 's_cmh8_3617', 's_cmh8_3656']",3
25686996.0,2026-04-14 10:57:17,21750.0,19386.0,"['s_cmh8_3583', 's_cmh8_3617', 's_cmh8_3656']",3
25687170.0,2026-04-14 11:04:17,21750.0,10341.0,"['s_cmh8_3583', 's_cmh8_3617', 's_cmh8_3656']",3
25687415.0,2026-04-14 11:11:17,21750.0,11450.0,"['s_cmh8_3583', 's_cmh8_3617', 's_cmh8_3656']",3
25687595.0,2026-04-14 11:19:17,22500.0,22510.0,"['s_cmh8_3583', 's_cmh8_3617', 's_cmh8_3656']",3
25687787.0,2026-04-14 11:27:36,22500.0,15776.0,"['s_cmh8_3583', 's_cmh8_3617', 's_cmh8_3656']",3
25688057.0,2026-04-14 11:33:17,6000.0,103.0,['s_cmh8_3617'],1
25688424.0,2026-04-14 11:40:17,7250.0,1123.0,['s_cmh8_3617'],1
25688625.0,2026-04-14 11:47:17,14500.0,19.0,"['s_cmh8_3617', 's_cmh8_3656']",2
25688831.0,2026-04-14 11:55:17,15000.0,15008.0,"['s_cmh8_3583', 's_cmh8_3617']",2
25688990.0,2026-04-14 12:02:20,15000.0,15001.0,"['s_cmh8_3583', 's_cmh8_3617']",2
25689231.0,2026-04-14 12:07:17,3042.0,1307.0,"['s_cmh8_3583', 's_cmh8_3617']",2
25689560.0,2026-04-14 12:14:17,7250.0,9.0,"['s_cmh8_3583', 's_cmh8_3617']",2
25689798.0,2026-04-14 12:23:17,7250.0,0.0,['s_cmh8_3656'],1
25700630.0,2026-04-14 16:57:17,100000.0,100018.0,"['s_cmh11_1341', 's_cmh11_1343', 's_cmh11_1372']",3
25700629.0,2026-04-14 16:57:17,105000.0,21482.0,['s_cmh2_6101'],1
25700632.0,2026-04-14 16:57:20,288878.0,288546.0,"['s_cmh9_5687', 's_cmh9_5689']",2
25701129.0,2026-04-14 17:07:19,156000.0,149391.0,['s_cmh9_5702'],1
25701904.0,2026-04-14 17:27:17,54000.0,18018.0,['s_cmh2_6101'],1
25701906.0,2026-04-14 17:27:20,216878.0,216873.0,"['s_cmh9_5687', 's_cmh9_5689']",2
25702228.0,2026-04-14 17:33:17,102500.0,102509.0,"['s_cmh11_1341', 's_cmh11_1343', 's_cmh11_1372']",3
25702501.0,2026-04-14 17:37:18,168000.0,137406.0,['s_cmh9_5702'],1
25703148.0,2026-04-14 17:57:17,54000.0,18017.0,['s_cmh2_6101'],1
25703151.0,2026-04-14 17:57:20,204874.0,204867.0,"['s_cmh9_5687', 's_cmh9_5689']",2
25703577.0,2026-04-14 18:07:18,135000.0,134604.0,['s_cmh9_5702'],1
25703713.0,2026-04-14 18:09:17,105000.0,105008.0,"['s_cmh11_1341', 's_cmh11_1343', 's_cmh11_1372']",3
25704405.0,2026-04-14 18:29:18,96000.0,95865.0,['s_cmh9_5702'],1
25705263.0,2026-04-14 18:45:18,65374.0,65354.0,"['s_cmh11_1341', 's_cmh11_1343', 's_cmh11_1372']",3
25705684.0,2026-04-14 18:59:18,102000.0,101834.0,['s_cmh9_5702'],1
25706796.0,2026-04-14 19:21:17,110000.0,110018.0,"['s_cmh11_1341', 's_cmh11_1343', 's_cmh11_1372']",3
25707115.0,2026-04-14 19:29:18,39874.0,39859.0,['s_cmh9_5702'],1
25708277.0,2026-04-14 19:57:17,112500.0,112508.0,"['s_cmh11_1341', 's_cmh11_1343', 's_cmh11_1372']",3
25708333.0,2026-04-14 19:59:18,114000.0,96982.0,['s_cmh9_5702'],1
25709559.0,2026-04-14 20:29:18,80000.0,36754.0,['s_cmh9_5702'],1
25710677.0,2026-04-14 20:59:18,84000.0,8253.0,['s_cmh9_5702'],1
25712850.0,2026-04-14 21:59:16,94874.0,94018.0,"['s_cmh9_5687', 's_cmh9_5689']",2
25713390.0,2026-04-14 22:11:18,125000.0,125002.0,"['s_cmh11_1341', 's_cmh11_1343', 's_cmh11_1372']",3
25713498.0,2026-04-14 22:13:19,204000.0,86996.0,['s_cmh9_5702'],1
25714518.0,2026-04-14 22:41:20,168860.0,168862.0,"['s_cmh9_5687', 's_cmh9_5689']",2
25714740.0,2026-04-14 22:48:17,25360.0,25373.0,"['s_cmh11_1341', 's_cmh11_1343', 's_cmh11_1372']",3
25714845.0,2026-04-14 22:53:18,168000.0,60732.0,['s_cmh9_5702'],1
25715827.0,2026-04-14 23:21:20,204855.0,204850.0,"['s_cmh9_5687', 's_cmh9_5689']",2
25715887.0,2026-04-14 23:23:17,130000.0,130011.0,"['s_cmh11_1341', 's_cmh11_1343', 's_cmh11_1372']",3
25716266.0,2026-04-14 23:33:18,70000.0,10113.0,['s_cmh9_5702'],1
25717153.0,2026-04-14 23:58:17,132500.0,122229.0,"['s_cmh11_1341', 's_cmh11_1343', 's_cmh11_1372']",3
25717213.0,2026-04-15 00:01:20,302854.0,302846.0,"['s_cmh9_5687', 's_cmh9_5689']",2
25718223.0,2026-04-15 00:32:51,19500.0,19512.0,"['s_cmh8_3583', 's_cmh8_3617', 's_cmh8_3656']",3
25718240.0,2026-04-15 00:33:17,108000.0,108004.0,"['s_cmh11_1341', 's_cmh11_1343', 's_cmh11_1372']",3
25718530.0,2026-04-15 00:41:17,19500.0,19493.0,"['s_cmh8_3583', 's_cmh8_3617', 's_cmh8_3656']",3
25718532.0,2026-04-15 00:41:19,351000.0,350992.0,"['s_cmh9_5687', 's_cmh9_5689']",2
25718692.0,2026-04-15 00:48:17,18000.0,12007.0,"['s_cmh8_3583', 's_cmh8_3617', 's_cmh8_3656']",3
25718854.0,2026-04-15 00:55:17,18750.0,0.0,"['s_cmh8_3583', 's_cmh8_3617', 's_cmh8_3656']",3
25718932.0,2026-04-15 00:58:43,6730.0,0.0,['s_cmh2_6121'],1
25718931.0,2026-04-15 00:58:43,30854.0,48.0,['s_cmh2_6101'],1
25718971.0,2026-04-15 01:00:17,6730.0,6736.0,['s_cmh2_6121'],1
25719025.0,2026-04-15 01:02:17,18750.0,12508.0,"['s_cmh8_3583', 's_cmh8_3617', 's_cmh8_3656']",3
25719379.0,2026-04-15 01:10:17,19500.0,13454.0,"['s_cmh8_3583', 's_cmh8_3617', 's_cmh8_3656']",3
25719381.0,2026-04-15 01:10:18,13094.0,13098.0,['s_cmh2_6145'],1
25719558.0,2026-04-15 01:17:17,13000.0,13002.0,"['s_cmh8_3583', 's_cmh8_3617']",2
25719633.0,2026-04-15 01:19:16,9530.0,9535.0,['s_cmh2_6127'],1
25719754.0,2026-04-15 01:24:17,18000.0,1008.0,"['s_cmh8_3583', 's_cmh8_3617', 's_cmh8_3656']",3
25719795.0,2026-04-15 01:27:16,6730.0,6736.0,['s_cmh2_6121'],1
25719904.0,2026-04-15 01:31:16,12500.0,281.0,"['s_cmh8_3583', 's_cmh8_3617']",2
25719931.0,2026-04-15 01:32:17,64000.0,48002.0,['s_cmh2_6101'],1
25720146.0,2026-04-15 01:37:17,13094.0,13099.0,['s_cmh2_6145'],1
25720183.0,2026-04-15 01:38:17,6250.0,0.0,['s_cmh8_3656'],1
25720362.0,2026-04-15 01:44:17,9530.0,9533.0,['s_cmh2_6127'],1
25720389.0,2026-04-15 01:46:17,13000.0,13006.0,"['s_cmh8_3583', 's_cmh8_3617']",2
25720509.0,2026-04-15 01:52:16,6730.0,6736.0,['s_cmh2_6121'],1
25720538.0,2026-04-15 01:53:17,13000.0,13003.0,"['s_cmh8_3583', 's_cmh8_3617']",2
25720732.0,2026-04-15 02:02:17,13094.0,13099.0,['s_cmh2_6145'],1
25720733.0,2026-04-15 02:02:17,48000.0,48006.0,['s_cmh2_6101'],1
25720997.0,2026-04-15 02:09:16,9530.0,9536.0,['s_cmh2_6127'],1
25721217.0,2026-04-15 02:17:16,6730.0,6735.0,['s_cmh2_6121'],1
25721537.0,2026-04-15 02:32:17,48000.0,48003.0,['s_cmh2_6101'],1
25729108.0,2026-04-15 09:29:22,6000.0,6009.0,['s_cmh2_6121'],1
25729329.0,2026-04-15 09:39:26,12000.0,12009.0,['s_cmh2_6145'],1
25729540.0,2026-04-15 09:49:28,10000.0,10009.0,['s_cmh2_6127'],1
25729612.0,2026-04-15 09:54:25,6000.0,6009.0,['s_cmh2_6121'],1
25729753.0,2026-04-15 10:03:27,10000.0,10007.0,['s_cmh2_6127'],1
25729841.0,2026-04-15 10:07:17,13000.0,11895.0,"['s_cmh8_3583', 's_cmh8_3617']",2
25729897.0,2026-04-15 10:10:28,12000.0,12009.0,['s_cmh2_6145'],1
25729979.0,2026-04-15 10:13:18,13000.0,13003.0,"['s_cmh8_3583', 's_cmh8_3617']",2
25730178.0,2026-04-15 10:18:31,6000.0,6009.0,['s_cmh2_6121'],1
25730235.0,2026-04-15 10:19:17,5000.0,5002.0,['s_cmh8_3617'],1
25730280.0,2026-04-15 10:20:34,351000.0,342244.0,"['s_cmh9_5687', 's_cmh9_5689']",2
25730350.0,2026-04-15 10:23:07,6250.0,3143.0,['s_cmh8_3617'],1
25730480.0,2026-04-15 10:28:17,10000.0,10009.0,['s_cmh2_6127'],1
25730547.0,2026-04-15 10:31:17,6250.0,0.0,['s_cmh8_3656'],1
25730751.0,2026-04-15 10:35:25,12000.0,4009.0,['s_cmh2_6145'],1
25730893.0,2026-04-15 10:41:17,48000.0,47998.0,['s_cmh2_6101'],1
25730940.0,2026-04-15 10:43:21,6000.0,4805.0,['s_cmh2_6121'],1
25730945.0,2026-04-15 10:43:54,13000.0,13006.0,"['s_cmh8_3583', 's_cmh8_3617']",2
25731027.0,2026-04-15 10:50:17,13000.0,13004.0,"['s_cmh8_3583', 's_cmh8_3617']",2
25731070.0,2026-04-15 10:53:24,10000.0,10006.0,['s_cmh2_6127'],1
25731117.0,2026-04-15 10:56:17,10000.0,5002.0,"['s_cmh8_3583', 's_cmh8_3617']",2
25731202.0,2026-04-15 11:00:26,12000.0,8006.0,['s_cmh2_6145'],1
25731210.0,2026-04-15 11:00:59,12500.0,53.0,"['s_cmh8_3583', 's_cmh8_3617']",2
25731335.0,2026-04-15 11:08:17,6250.0,6252.0,['s_cmh8_3583'],1
25731336.0,2026-04-15 11:08:29,3000.0,2249.0,['s_cmh2_6121'],1
25731339.0,2026-04-15 11:08:35,21795.0,21835.0,"['s_cmh9_5687', 's_cmh9_5689']",2
25731601.0,2026-04-15 11:18:37,10000.0,7638.0,['s_cmh2_6127'],1
25731695.0,2026-04-15 11:21:17,14000.0,14008.0,"['s_cmh8_3583', 's_cmh8_3617']",2
25731840.0,2026-04-15 11:25:18,12000.0,12009.0,['s_cmh2_6145'],1
25731943.0,2026-04-15 11:28:17,13000.0,13003.0,"['s_cmh8_3583', 's_cmh8_3617']",2
25732118.0,2026-04-15 11:33:18,3000.0,3008.0,['s_cmh2_6145'],1
25732164.0,2026-04-15 11:34:17,5000.0,5002.0,['s_cmh8_3583'],1
25732240.0,2026-04-15 11:37:10,6250.0,6101.0,['s_cmh8_3583'],1
25732441.0,2026-04-15 11:43:23,10000.0,5394.0,['s_cmh2_6127'],1
25732501.0,2026-04-15 11:45:17,6250.0,6254.0,['s_cmh8_3583'],1
25732668.0,2026-04-15 11:48:31,169000.0,168728.0,['s_cmh9_5689'],1
25732747.0,2026-04-15 11:50:25,12000.0,7.0,['s_cmh2_6145'],1
25732932.0,2026-04-15 11:58:17,14000.0,14008.0,"['s_cmh8_3583', 's_cmh8_3617']",2
25732934.0,2026-04-15 11:58:22,3000.0,491.0,['s_cmh2_6145'],1
25733028.0,2026-04-15 12:02:17,48000.0,48001.0,['s_cmh2_6101'],1
25733151.0,2026-04-15 12:04:17,11795.0,11794.0,"['s_cmh8_3583', 's_cmh8_3617']",2
25733436.0,2026-04-15 12:10:17,5000.0,4178.0,['s_cmh8_3583'],1
25733608.0,2026-04-15 12:14:17,5750.0,0.0,['s_cmh8_3583'],1
25733798.0,2026-04-15 12:20:10,6250.0,5.0,['s_cmh8_3583'],1
25733938.0,2026-04-15 12:25:25,203795.0,156844.0,"['s_cmh9_5687', 's_cmh9_5702']",2
25734128.0,2026-04-15 12:32:21,3000.0,3008.0,['s_cmh2_6127'],1
25734340.0,2026-04-15 12:35:17,14000.0,14008.0,"['s_cmh8_3583', 's_cmh8_3617']",2
25734519.0,2026-04-15 12:41:17,13000.0,13003.0,"['s_cmh8_3583', 's_cmh8_3617']",2
25734546.0,2026-04-15 12:42:17,48000.0,36810.0,['s_cmh2_6101'],1
25734604.0,2026-04-15 12:44:24,24000.0,24003.0,['s_cmh6_6009'],1
25734622.0,2026-04-15 12:45:10,5000.0,5001.0,"['s_cmh8_3583', 's_cmh8_3617']",2
25734837.0,2026-04-15 12:51:16,5750.0,5758.0,"['s_cmh8_3583', 's_cmh8_3617']",2
25734968.0,2026-04-15 12:57:16,6250.0,1794.0,"['s_cmh8_3583', 's_cmh8_3617']",2
25734987.0,2026-04-15 12:58:24,3000.0,3009.0,['s_cmh2_6127'],1
25735270.0,2026-04-15 13:05:37,338000.0,245395.0,"['s_cmh9_5687', 's_cmh9_5702']",2
25735401.0,2026-04-15 13:09:18,20000.0,20007.0,['s_cmh6_6009'],1
25735480.0,2026-04-15 13:12:17,14000.0,14008.0,"['s_cmh8_3583', 's_cmh8_3617']",2
25735725.0,2026-04-15 13:16:16,6500.0,6504.0,"['s_cmh8_3583', 's_cmh8_3617']",2
25735900.0,2026-04-15 13:22:16,14065.0,9385.0,['s_cmh2_6101'],1
25735901.0,2026-04-15 13:22:17,5000.0,5003.0,"['s_cmh8_3583', 's_cmh8_3617']",2
25735987.0,2026-04-15 13:24:30,4000.0,3973.0,['s_cmh2_6127'],1
25736078.0,2026-04-15 13:28:16,5750.0,5756.0,"['s_cmh8_3583', 's_cmh8_3617']",2
25736537.0,2026-04-15 13:34:26,20000.0,20009.0,['s_cmh6_6009'],1
25737017.0,2026-04-15 13:45:38,34790.0,34809.0,['s_cmh9_5687'],1
25737151.0,2026-04-15 13:49:17,14000.0,14008.0,"['s_cmh8_3583', 's_cmh8_3617']",2
25737238.0,2026-04-15 13:51:59,3930.0,759.0,['s_cmh2_6127'],1
25737286.0,2026-04-15 13:53:16,6500.0,6504.0,"['s_cmh8_3583', 's_cmh8_3617']",2
25737330.0,2026-04-15 13:55:23,30000.0,30012.0,['s_cmh9_5702'],1
25737423.0,2026-04-15 13:59:16,5000.0,5004.0,"['s_cmh8_3583', 's_cmh8_3617']",2
25737427.0,2026-04-15 13:59:21,20000.0,20009.0,['s_cmh6_6009'],1
25737507.0,2026-04-15 14:02:18,48000.0,20687.0,['s_cmh2_6101'],1
25737696.0,2026-04-15 14:05:16,5750.0,5758.0,"['s_cmh8_3583', 's_cmh8_3617']",2
25738113.0,2026-04-15 14:14:58,3930.0,1960.0,['s_cmh2_6127'],1
25738473.0,2026-04-15 14:24:31,20000.0,20007.0,['s_cmh6_6009'],1
25738494.0,2026-04-15 14:25:35,182000.0,181927.0,['s_cmh9_5687'],1
25738512.0,2026-04-15 14:26:17,14000.0,13997.0,"['s_cmh8_3583', 's_cmh8_3617']",2
25738628.0,2026-04-15 14:30:10,6500.0,6494.0,"['s_cmh8_3583', 's_cmh8_3617']",2
25738990.0,2026-04-15 14:36:09,5000.0,4999.0,"['s_cmh8_3583', 's_cmh8_3617']",2
25739118.0,2026-04-15 14:39:59,30000.0,19984.0,['s_cmh9_5702'],1
25739196.0,2026-04-15 14:42:09,5750.0,5754.0,"['s_cmh8_3583', 's_cmh8_3617']",2
25739204.0,2026-04-15 14:42:16,33000.0,11023.0,['s_cmh2_6101'],1
25739771.0,2026-04-15 15:03:17,14000.0,13996.0,"['s_cmh8_3583', 's_cmh8_3617']",2
25739983.0,2026-04-15 15:05:24,130621.0,130462.0,['s_cmh9_5687'],1
25740042.0,2026-04-15 15:07:18,6500.0,6504.0,"['s_cmh8_3583', 's_cmh8_3617']",2
25740181.0,2026-04-15 15:10:21,22000.0,22009.0,['s_cmh6_6009'],1
25740240.0,2026-04-15 15:13:09,5000.0,5004.0,"['s_cmh8_3583', 's_cmh8_3617']",2
25740450.0,2026-04-15 15:18:13,36000.0,34263.0,['s_cmh9_5702'],1
25740485.0,2026-04-15 15:19:09,5750.0,5756.0,"['s_cmh8_3583', 's_cmh8_3617']",2
25740510.0,2026-04-15 15:20:18,33000.0,11023.0,['s_cmh2_6101'],1
25740594.0,2026-04-15 15:23:49,36000.0,6754.0,['s_cmh9_5702'],1
25740699.0,2026-04-15 15:30:23,182000.0,182006.0,['s_cmh9_5687'],1
25741144.0,2026-04-15 15:41:17,14000.0,14008.0,"['s_cmh8_3583', 's_cmh8_3617']",2
25741239.0,2026-04-15 15:44:17,6500.0,6499.0,['s_cmh8_3617'],1
25741482.0,2026-04-15 15:50:10,5000.0,5001.0,['s_cmh8_3617'],1
25741641.0,2026-04-15 15:56:09,5750.0,3327.0,['s_cmh8_3617'],1
25741789.0,2026-04-15 16:02:17,33000.0,11137.0,['s_cmh2_6101'],1
25741842.0,2026-04-15 16:03:01,36000.0,29038.0,['s_cmh9_5702'],1
25742300.0,2026-04-15 16:12:31,82407.0,82424.0,['s_cmh9_5687'],1
25742514.0,2026-04-15 16:17:17,14000.0,14007.0,"['s_cmh8_3583', 's_cmh8_3617']",2
25742674.0,2026-04-15 16:21:12,6500.0,6503.0,"['s_cmh8_3583', 's_cmh8_3617']",2
25742846.0,2026-04-15 16:27:09,5000.0,5004.0,"['s_cmh8_3583', 's_cmh8_3617']",2
25743234.0,2026-04-15 16:33:16,5750.0,773.0,"['s_cmh8_3583', 's_cmh8_3617']",2
25743453.0,2026-04-15 16:35:18,120000.0,120012.0,"['s_cmh11_1341', 's_cmh11_1343', 's_cmh11_1372']",3
25743687.0,2026-04-15 16:42:17,33000.0,11010.0,['s_cmh2_6101'],1
25744061.0,2026-04-15 16:52:08,7000.0,7007.0,"['s_cmh8_3583', 's_cmh8_3617']",2
25744286.0,2026-04-15 16:58:09,6500.0,5203.0,"['s_cmh8_3583', 's_cmh8_3617']",2
25744547.0,2026-04-15 17:04:18,5000.0,3998.0,"['s_cmh8_3583', 's_cmh8_3617']",2
25759925.0,2026-04-15 23:06:10,20320.0,20123.0,['s_cmh9_5702'],1
25759926.0,2026-04-15 23:06:13,120000.0,119096.0,"['s_cmh11_1341', 's_cmh11_1343', 's_cmh11_1372']",3
25760200.0,2026-04-15 23:13:16,12000.0,11899.0,['s_cmh2_6145'],1
25760249.0,2026-04-15 23:15:18,182000.0,181043.0,['s_cmh9_5687'],1
25760274.0,2026-04-15 23:16:16,5000.0,460.0,['s_cmh8_3583'],1
25760298.0,2026-04-15 23:17:16,20000.0,5738.0,['s_cmh2_6101'],1
25760396.0,2026-04-15 23:19:16,7860.0,7788.0,['s_cmh2_6127'],1
25760451.0,2026-04-15 23:22:09,3900.0,12.0,['s_cmh8_3583'],1
25760645.0,2026-04-15 23:28:08,5000.0,5.0,['s_cmh8_3583'],1
25760717.0,2026-04-15 23:30:14,36000.0,35726.0,['s_cmh9_5702'],1
25760731.0,2026-04-15 23:30:27,6000.0,5953.0,['s_cmh2_6121'],1
25761194.0,2026-04-15 23:36:16,351131.0,229805.0,['s_cmh2_6101'],1
25761267.0,2026-04-15 23:38:16,1143.0,1136.0,['s_cmh2_6145'],1
25761328.0,2026-04-15 23:40:16,20000.0,16.0,['s_cmh2_6101'],1
25761395.0,2026-04-15 23:42:17,10000.0,9732.0,"['s_cmh8_3583', 's_cmh8_3617']",2
25761448.0,2026-04-15 23:43:17,120000.0,117850.0,"['s_cmh11_1341', 's_cmh11_1343', 's_cmh11_1372']",3
25761490.0,2026-04-15 23:44:16,7860.0,1477.0,['s_cmh2_6127'],1
25763037.0,2026-04-16 00:23:45,150000.0,9268.0,['s_cmh2_6101'],1
25763320.0,2026-04-16 00:33:16,22800.0,22796.0,['s_cmh6_6009'],1
25763505.0,2026-04-16 00:37:17,120000.0,119501.0,"['s_cmh11_1341', 's_cmh11_1343', 's_cmh11_1372']",3
25763603.0,2026-04-16 00:41:51,40000.0,39993.0,"['s_cmh11_1341', 's_cmh11_1343']",2
25763698.0,2026-04-16 00:45:07,40000.0,39996.0,"['s_cmh11_1372', 's_cmh11_1388']",2
25763706.0,2026-04-16 00:45:28,40000.0,20260.0,"['s_cmh11_1372', 's_cmh11_1388']",2
25789031.0,2026-04-16 15:50:58,15000.0,15007.0,['s_cmh2_6145'],1
25789045.0,2026-04-16 15:51:25,84000.0,84004.0,['s_cmh9_5702'],1
25789061.0,2026-04-16 15:52:18,127607.0,127609.0,"['s_cmh11_1341', 's_cmh11_1343', 's_cmh11_1372']",3
25789142.0,2026-04-16 15:54:49,18000.0,18009.0,['s_cmh2_6127'],1
25789721.0,2026-04-16 16:07:13,12000.0,27.0,['s_cmh2_6121'],1
25789972.0,2026-04-16 16:12:40,15000.0,7012.0,['s_cmh2_6145'],1
25790367.0,2026-04-16 16:23:58,18000.0,18009.0,['s_cmh2_6127'],1
25790467.0,2026-04-16 16:27:37,22500.0,22508.0,['s_cmh6_6009'],1
25790606.0,2026-04-16 16:31:18,6000.0,20.0,['s_cmh2_6121'],1
25790659.0,2026-04-16 16:32:18,260000.0,259867.0,"['s_cmh11_1341', 's_cmh11_1343', 's_cmh11_1372']",3
25790945.0,2026-04-16 16:36:21,15000.0,11009.0,['s_cmh2_6145'],1
25791322.0,2026-04-16 16:46:52,18000.0,16905.0,['s_cmh2_6127'],1
25791393.0,2026-04-16 16:48:41,45607.0,45613.0,['s_cmh9_5687'],1
25791615.0,2026-04-16 16:54:58,6000.0,544.0,['s_cmh2_6127'],1
25791633.0,2026-04-16 16:55:19,3707.0,3716.0,['s_cmh6_6009'],1
25792636.0,2026-04-16 17:12:18,107607.0,107609.0,"['s_cmh11_1341', 's_cmh11_1343', 's_cmh11_1372']",3
25793730.0,2026-04-16 17:34:18,32000.0,32011.0,"['s_cmh8_3583', 's_cmh8_3617']",2
25794425.0,2026-04-16 17:52:16,20500.0,8262.0,['s_cmh2_6101'],1
25794428.0,2026-04-16 17:52:18,280000.0,279777.0,"['s_cmh11_1341', 's_cmh11_1343', 's_cmh11_1372']",3
25794950.0,2026-04-16 18:06:17,33207.0,33214.0,"['s_cmh8_3583', 's_cmh8_3617']",2
25795975.0,2026-04-16 18:32:18,87607.0,87610.0,"['s_cmh11_1341', 's_cmh11_1343', 's_cmh11_1372']",3
25796313.0,2026-04-16 18:36:17,38000.0,38012.0,"['s_cmh8_3583', 's_cmh8_3617']",2
25797556.0,2026-04-16 19:06:16,40000.0,40010.0,"['s_cmh8_3583', 's_cmh8_3617']",2
25798933.0,2026-04-16 19:36:17,42000.0,42011.0,"['s_cmh8_3583', 's_cmh8_3617']",2
25799971.0,2026-04-16 20:06:17,44000.0,41489.0,"['s_cmh8_3583', 's_cmh8_3617']",2
25801404.0,2026-04-16 20:36:17,46000.0,46006.0,"['s_cmh8_3583', 's_cmh8_3617']",2
25805715.0,2026-04-16 22:31:45,14000.0,14011.0,"['s_cmh8_3583', 's_cmh8_3617']",2
25806124.0,2026-04-16 22:38:16,16000.0,15530.0,"['s_cmh8_3583', 's_cmh8_3617']",2
25806315.0,2026-04-16 22:45:21,26000.0,26011.0,"['s_cmh8_3583', 's_cmh8_3617']",2
25806709.0,2026-04-16 23:02:16,15000.0,15010.0,"['s_cmh8_3583', 's_cmh8_3617']",2
25807020.0,2026-04-16 23:08:16,8500.0,8506.0,['s_cmh8_3617'],1
25807271.0,2026-04-16 23:16:16,28000.0,25874.0,"['s_cmh8_3583', 's_cmh8_3617']",2
25807759.0,2026-04-16 23:32:16,16000.0,16011.0,"['s_cmh8_3583', 's_cmh8_3617']",2
25808251.0,2026-04-16 23:38:16,9000.0,9006.0,['s_cmh8_3617'],1
25808415.0,2026-04-16 23:46:17,25106.0,25113.0,"['s_cmh8_3583', 's_cmh8_3617']",2
25808746.0,2026-04-17 00:01:46,17000.0,17012.0,"['s_cmh8_3583', 's_cmh8_3617']",2
25809223.0,2026-04-17 00:08:16,9500.0,9506.0,['s_cmh8_3617'],1
25809510.0,2026-04-17 00:16:16,32000.0,16514.0,"['s_cmh8_3583', 's_cmh8_3617']",2
25809862.0,2026-04-17 00:32:16,18000.0,18012.0,"['s_cmh8_3583', 's_cmh8_3617']",2
25810114.0,2026-04-17 00:38:16,10000.0,10005.0,['s_cmh8_3617'],1
25810266.0,2026-04-17 00:46:16,21000.0,21008.0,"['s_cmh8_3583', 's_cmh8_3617']",2
25810440.0,2026-04-17 00:56:16,20500.0,0.0,['s_cmh2_6101'],1
