FK_ID,Date,ID,Sent,R.Sent,Bounce,Total,Data.Interval,Server,Status,Offset,Limit,Server_Tab,Ips
"25633316","04/12 (23:52:19)","134616474","62943","18417","0","62943","(310000 to 372943)","s_cmh6_5940","completed","310000","150000","s_cmh6_5940",",,198.12.123.236,,198.12.123.238,,198.12.123.240,,198.12.123.242,,198.12.123.244,,198.12.123.246,,198.12.123.248,,198.12.123.250,,198.12.123.252,,198.12.123.254,,,"
"25633129","04/12 (23:42:18)","134616188","160000","65656","0","160000","(150000 to 310000)","s_cmh6_5940","completed","150000","160000","s_cmh6_5940",",,198.12.123.227,,198.12.123.237,,198.12.123.239,,198.12.123.241,,198.12.123.243,,198.12.123.245,,198.12.123.247,,198.12.123.249,,198.12.123.251,,198.12.123.253,,,"
"25632442","04/12 (23:20:19)","134615284","150000","75408","0","150000","(0 to 150000)","s_cmh6_5940","completed","0","150000","s_cmh6_5940",",,198.12.123.236,,198.12.123.238,,198.12.123.240,,198.12.123.242,,198.12.123.244,,198.12.123.246,,198.12.123.248,,198.12.123.250,,198.12.123.252,,198.12.123.254,,,"
"25632225","04/12 (23:10:20)","134614934","117943","85566","0","117943","(255000 to 372943)","s_cmh6_5940","completed","255000","155000","s_cmh6_5940",",,198.12.123.227,,198.12.123.237,,198.12.123.239,,198.12.123.241,,198.12.123.243,,198.12.123.245,,198.12.123.247,,198.12.123.249,,198.12.123.251,,198.12.123.253,,,"
"25631944","04/12 (23:01:20)","134614567","12400","12404","0","12400","(49600 to 62000)","s_cmh11_1341","completed","0","86800","s_cmh11_1341",",,192.227.72.165,,192.227.72.168,,,"
"25631944","04/12 (23:01:20)","134614568","24800","24808","0","24800","(62000 to 86800)","s_cmh11_1343","completed","0","86800","s_cmh11_1343",",,51.254.12.38,,51.254.12.39,,51.254.12.40,,51.254.12.41,,,"
"25631944","04/12 (23:01:20)","134614569","24800","24808","0","24800","(0 to 24800)","s_cmh11_1372","completed","0","86800","s_cmh11_1372",",,135.125.140.36,,135.125.140.51,,135.125.140.52,,217.182.198.9,,,"
"25631944","04/12 (23:01:20)","134614570","24800","24805","0","24800","(24800 to 49600)","s_cmh11_1388","completed","0","86800","s_cmh11_1388",",,69.162.64.210,,69.162.64.212,,69.162.64.213,,69.162.64.214,,,"
"25631903","04/12 (22:59:18)","134614490","12000","12006","0","12000","(6412 to 18412)","s_cmh2_6145","completed","6412","12000","s_cmh2_6145",",,51.68.222.162,,51.75.164.228,,51.75.165.100,,51.75.165.108,,,"
"25631668","04/12 (22:47:18)","134614122","6400","6406","0","6400","(12 to 6412)","s_cmh2_6121","completed","12","6400","s_cmh2_6121",",,23.19.114.9,,23.82.139.242,,,"
"25631666","04/12 (22:47:17)","134614118","41100","41101","0","41100","(259700 to 300800)","s_cmh2_6101","completed","259700","41100","s_cmh2_6101",",,107.6.171.227,,107.6.171.228,,107.6.171.230,,,"
"25631520","04/12 (22:42:21)","134613873","255000","65232","0","255000","(0 to 255000)","s_cmh6_5940","completed","0","255000","s_cmh6_5940",",,198.12.123.227,,198.12.123.228,,198.12.123.229,,198.12.123.230,,198.12.123.234,,198.12.123.235,,198.12.123.236,,198.12.123.237,,198.12.123.238,,198.12.123.239,,198.12.123.240,,198.12.123.244,,198.12.123.245,,198.12.123.247,,198.12.123.248,,198.12.123.250,,198.12.123.254,,,"
"25630956","04/12 (22:31:20)","134613160","11290","11292","0","11290","(339060 to 350350)","s_cmh11_1341","completed","293900","83300","s_cmh11_1341",",,192.227.72.165,,192.227.72.168,,,"
"25630956","04/12 (22:31:20)","134613161","22580","22584","0","22580","(316480 to 339060)","s_cmh11_1343","completed","293900","83300","s_cmh11_1343",",,51.254.12.38,,51.254.12.39,,51.254.12.40,,51.254.12.41,,,"
"25630956","04/12 (22:31:20)","134613162","22580","22584","0","22580","(293900 to 316480)","s_cmh11_1372","completed","293900","83300","s_cmh11_1372",",,135.125.140.36,,135.125.140.51,,135.125.140.52,,217.182.198.9,,,"
"25630956","04/12 (22:31:20)","134613163","22593","22600","0","22593","(350350 to 372943)","s_cmh11_1388","completed","293900","83300","s_cmh11_1388",",,69.162.64.210,,69.162.64.212,,69.162.64.213,,69.162.64.214,,,"
"25630433","04/12 (22:10:53)","134612434","102693","79735","0","102693","(270250 to 372943)","s_cmh6_5940","completed","270250","246500","s_cmh6_5940",",,198.12.123.227,,198.12.123.228,,198.12.123.229,,198.12.123.230,,198.12.123.234,,198.12.123.235,,198.12.123.236,,198.12.123.237,,198.12.123.238,,198.12.123.239,,198.12.123.240,,198.12.123.244,,198.12.123.245,,198.12.123.247,,198.12.123.248,,198.12.123.250,,198.12.123.254,,,"
"25629929","04/12 (22:01:20)","134611828","11400","11404","0","11400","(236900 to 248300)","s_cmh11_1341","completed","214100","79800","s_cmh11_1341",",,192.227.72.165,,192.227.72.168,,,"
"25629929","04/12 (22:01:20)","134611829","22800","22806","0","22800","(271100 to 293900)","s_cmh11_1343","completed","214100","79800","s_cmh11_1343",",,51.254.12.38,,51.254.12.39,,51.254.12.40,,51.254.12.41,,,"
"25629929","04/12 (22:01:20)","134611830","22800","22805","0","22800","(248300 to 271100)","s_cmh11_1372","completed","214100","79800","s_cmh11_1372",",,135.125.140.36,,135.125.140.51,,135.125.140.52,,217.182.198.9,,,"
"25629929","04/12 (22:01:20)","134611831","22800","22807","0","22800","(214100 to 236900)","s_cmh11_1388","completed","214100","79800","s_cmh11_1388",",,69.162.64.210,,69.162.64.212,,69.162.64.213,,69.162.64.214,,,"
"25629017","04/12 (21:31:19)","134610511","10900","10902","0","10900","(137800 to 148700)","s_cmh11_1341","completed","137800","76300","s_cmh11_1341",",,192.227.72.165,,192.227.72.168,,,"
"25629017","04/12 (21:31:19)","134610512","21800","21804","0","21800","(170500 to 192300)","s_cmh11_1343","completed","137800","76300","s_cmh11_1343",",,51.254.12.38,,51.254.12.39,,51.254.12.40,,51.254.12.41,,,"
"25629017","04/12 (21:31:19)","134610513","21800","21807","0","21800","(148700 to 170500)","s_cmh11_1372","completed","137800","76300","s_cmh11_1372",",,135.125.140.36,,135.125.140.51,,135.125.140.52,,217.182.198.9,,,"
"25629017","04/12 (21:31:19)","134610514","21800","21804","0","21800","(192300 to 214100)","s_cmh11_1388","completed","137800","76300","s_cmh11_1388",",,69.162.64.210,,69.162.64.212,,69.162.64.213,,69.162.64.214,,,"
"25627970","04/12 (20:59:19)","134609043","10400","10404","0","10400","(106600 to 117000)","s_cmh11_1341","completed","65000","72800","s_cmh11_1341",",,192.227.72.165,,192.227.72.168,,,"
"25627970","04/12 (20:59:19)","134609044","20800","20808","0","20800","(117000 to 137800)","s_cmh11_1343","completed","65000","72800","s_cmh11_1343",",,51.254.12.38,,51.254.12.39,,51.254.12.40,,51.254.12.41,,,"
"25627970","04/12 (20:59:19)","134609045","20800","20808","0","20800","(85800 to 106600)","s_cmh11_1372","completed","65000","72800","s_cmh11_1372",",,135.125.140.36,,135.125.140.51,,135.125.140.52,,217.182.198.9,,,"
"25627970","04/12 (20:59:19)","134609046","20800","20808","0","20800","(65000 to 85800)","s_cmh11_1388","completed","65000","72800","s_cmh11_1388",",,69.162.64.210,,69.162.64.212,,69.162.64.213,,69.162.64.214,,,"
"25625479","04/12 (19:37:19)","134605542","87943","87946","0","87971","(285000 to 372971)","s_cmh9_5698","completed","285000","168000","s_cmh9_5698",",,144.31.117.11,,144.31.117.98,,144.31.117.123,,144.31.117.149,,144.31.138.131,,144.31.139.61,,144.31.139.217,,,"
"25624884","04/12 (19:23:18)","134604672","42000","36270","0","42000","(243000 to 285000)","s_cmh9_5687","completed","243000","42000","s_cmh9_5687",",,91.223.3.150,,91.223.3.186,,91.223.3.187,,91.223.3.189,,91.223.3.194,,91.223.3.195,,91.223.3.196,,91.223.3.197,,91.223.3.198,,91.223.3.199,,91.223.3.200,,91.223.3.204,,91.223.3.208,,91.223.3.209,,,"
"25624696","04/12 (19:16:19)","134604376","33000","33001","0","33000","(210000 to 243000)","s_cmh9_5689","completed","210000","33000","s_cmh9_5689",",,23.231.25.49,,23.231.25.51,,23.231.25.52,,23.231.25.53,,23.231.25.54,,23.231.25.55,,23.231.25.56,,23.231.25.58,,23.231.25.59,,23.231.25.61,,23.231.25.62,,,"
"25624327","04/12 (19:07:19)","134603880","168000","167965","0","168000","(42000 to 210000)","s_cmh9_5698","completed","42000","168000","s_cmh9_5698",",,144.31.117.11,,144.31.117.98,,144.31.117.123,,144.31.117.149,,144.31.138.131,,144.31.139.61,,144.31.139.217,,,"
"25623881","04/12 (18:55:18)","134603258","42000","14259","0","42000","(0 to 42000)","s_cmh9_5687","completed","0","42000","s_cmh9_5687",",,91.223.3.150,,91.223.3.186,,91.223.3.187,,91.223.3.189,,91.223.3.194,,91.223.3.195,,91.223.3.196,,91.223.3.197,,91.223.3.198,,91.223.3.199,,91.223.3.200,,91.223.3.204,,91.223.3.208,,91.223.3.209,,,"
"25623574","04/12 (18:46:19)","134602827","12943","11417","0","12971","(360000 to 372971)","s_cmh9_5689","completed","360000","39000","s_cmh9_5689",",,23.231.25.47,,23.231.25.49,,23.231.25.51,,23.231.25.52,,23.231.25.53,,23.231.25.54,,23.231.25.55,,23.231.25.56,,23.231.25.57,,23.231.25.58,,23.231.25.59,,23.231.25.61,,23.231.25.62,,,"
"25623184","04/12 (18:35:21)","134602255","192000","191996","0","192000","(168000 to 360000)","s_cmh9_5698","completed","168000","192000","s_cmh9_5698",",,144.31.84.7,,144.31.117.11,,144.31.117.98,,144.31.117.123,,144.31.117.149,,144.31.138.131,,144.31.139.61,,144.31.139.217,,,"
"25612962","04/12 (13:55:30)","134587787","42000","21386","0","42000","(42000 to 84000)","s_cmh9_5687","completed","42000","42000","s_cmh9_5687",",,91.223.3.150,,91.223.3.186,,91.223.3.187,,91.223.3.189,,91.223.3.194,,91.223.3.195,,91.223.3.196,,91.223.3.197,,91.223.3.198,,91.223.3.199,,91.223.3.200,,91.223.3.204,,91.223.3.208,,91.223.3.209,,,"
"25612880","04/12 (13:52:12)","134587679","42000","332","0","42000","(0 to 42000)","s_cmh9_5687","completed","0","42000","s_cmh9_5687",",,91.223.3.150,,91.223.3.186,,91.223.3.187,,91.223.3.189,,91.223.3.194,,91.223.3.195,,91.223.3.196,,91.223.3.197,,91.223.3.198,,91.223.3.199,,91.223.3.200,,91.223.3.204,,91.223.3.208,,91.223.3.209,,,"
"25612370","04/12 (13:35:43)","134587003","192000","176872","0","192000","(0 to 192000)","s_cmh9_5698","completed","0","192000","s_cmh9_5698",",,144.31.84.7,,144.31.117.11,,144.31.117.98,,144.31.117.123,,144.31.117.149,,144.31.138.131,,144.31.139.61,,144.31.139.217,,,"
"25612346","04/12 (13:35:16)","134586977","192000","184152","0","192000","(168000 to 360000)","s_cmh9_5698","completed","168000","192000","s_cmh9_5698",",,144.31.84.7,,144.31.117.11,,144.31.117.98,,144.31.117.123,,144.31.117.149,,144.31.138.131,,144.31.139.61,,144.31.139.217,,,"
"25600494","04/12 (04:38:09)","134569575","4800","4804","0","4800","(291270 to 296070)","s_cmh8_3583","completed","291270","4800","s_cmh8_3583",",,142.147.96.125,,,"
"25600289","04/12 (04:32:10)","134569257","4700","0","0","4700","(286570 to 291270)","s_cmh8_3656","completed","286570","4700","s_cmh8_3656",",,5.135.75.181,,,"
"25600159","04/12 (04:23:11)","134569077","168000","167996","0","168000","(168000 to 336000)","s_cmh9_5698","completed","168000","168000","s_cmh9_5698",",,144.31.117.11,,144.31.117.98,,144.31.117.123,,144.31.117.149,,144.31.138.131,,144.31.139.61,,144.31.139.217,,,"
"25600157","04/12 (04:23:09)","134569075","3230","7","0","3230","(283340 to 286570)","s_cmh8_3656","completed","283340","3230","s_cmh8_3656",",,5.135.75.177,,,"
"25600064","04/12 (04:17:09)","134568953","3750","3751","0","3750","(279590 to 283340)","s_cmh8_3656","completed","279590","3750","s_cmh8_3656",",,5.135.75.177,,,"
"25600032","04/12 (04:14:09)","134568890","3260","3261","0","3260","(276330 to 279590)","s_cmh8_3656","completed","276330","3260","s_cmh8_3656",",,5.135.75.177,,,"
"25599924","04/12 (04:09:11)","134568735","14000","14010","0","14000","(270250 to 284250)","s_cmh6_5940","completed","270250","14000","s_cmh6_5940",",,198.12.123.227,,198.12.123.228,,198.12.123.229,,198.12.123.230,,198.12.123.234,,198.12.123.235,,198.12.123.236,,198.12.123.237,,198.12.123.238,,198.12.123.239,,198.12.123.240,,198.12.123.244,,198.12.123.245,,198.12.123.247,,198.12.123.248,,198.12.123.250,,198.12.123.254,,,"
"25599888","04/12 (04:08:09)","134568691","4700","4704","0","4700","(266930 to 271630)","s_cmh8_3583","completed","266930","9400","s_cmh8_3583",",,142.147.96.125,,,"
"25599888","04/12 (04:08:09)","134568692","4700","1644","0","4700","(271630 to 276330)","s_cmh8_3656","completed","266930","9400","s_cmh8_3656",",,5.135.75.179,,,"
"25599715","04/12 (04:02:09)","134568444","4600","0","0","4600","(262330 to 266930)","s_cmh8_3656","completed","262330","4600","s_cmh8_3656",",,5.135.75.181,,,"
"25599676","04/12 (03:56:09)","134568389","3180","841","0","3180","(259150 to 262330)","s_cmh8_3656","completed","259150","3180","s_cmh8_3656",",,5.135.75.178,,,"
"25599605","04/12 (03:48:11)","134568294","168000","167985","0","168000","(0 to 168000)","s_cmh9_5698","completed","0","168000","s_cmh9_5698",",,144.31.117.11,,144.31.117.98,,144.31.117.123,,144.31.117.149,,144.31.138.131,,144.31.139.61,,144.31.139.217,,,"
"25599587","04/12 (03:47:09)","134568253","1850","1852","0","1850","(257300 to 259150)","s_cmh8_3583","completed","255450","3700","s_cmh8_3583",",,142.147.96.125,,,"
"25599587","04/12 (03:47:09)","134568254","1850","1852","0","1850","(255450 to 257300)","s_cmh8_3656","completed","255450","3700","s_cmh8_3656",",,5.135.75.179,,,"
"25599545","04/12 (03:41:09)","134568193","1620","1622","0","1620","(252210 to 253830)","s_cmh8_3583","completed","252210","3240","s_cmh8_3583",",,142.147.96.125,,,"
"25599545","04/12 (03:41:09)","134568194","1620","1622","0","1620","(253830 to 255450)","s_cmh8_3656","completed","252210","3240","s_cmh8_3656",",,5.135.75.179,,,"
"25599523","04/12 (03:38:09)","134568164","4600","4603","0","4600","(247610 to 252210)","s_cmh8_3583","completed","243010","9200","s_cmh8_3583",",,142.147.96.125,,,"
"25599523","04/12 (03:38:09)","134568165","4600","4604","0","4600","(243010 to 247610)","s_cmh8_3656","completed","243010","9200","s_cmh8_3656",",,5.135.75.179,,,"
"25599428","04/12 (03:34:11)","134568026","13750","13759","0","13750","(256500 to 270250)","s_cmh6_5940","completed","256500","13750","s_cmh6_5940",",,198.12.123.227,,198.12.123.228,,198.12.123.229,,198.12.123.230,,198.12.123.234,,198.12.123.235,,198.12.123.236,,198.12.123.237,,198.12.123.238,,198.12.123.239,,198.12.123.240,,198.12.123.244,,198.12.123.245,,198.12.123.247,,198.12.123.248,,198.12.123.250,,198.12.123.254,,,"
"25599341","04/12 (03:32:10)","134567872","4500","0","0","4500","(238510 to 243010)","s_cmh8_3656","completed","238510","4500","s_cmh8_3656",",,5.135.75.181,,,"
"25599235","04/12 (03:27:10)","134567696","94515","84030","0","94515","(186030 to 280545)","s_cmh15_654","completed","186030","94515","s_cmh15_654",",,194.54.185.171,,194.54.185.172,,194.54.185.173,,194.54.185.177,,194.54.185.178,,194.54.185.179,,194.54.185.180,,194.54.185.181,,194.54.185.182,,194.54.185.183,,194.54.185.184,,194.54.185.185,,194.54.185.187,,194.54.185.188,,194.54.185.189,,,"
"25599184","04/12 (03:23:09)","134567634","3130","698","0","3130","(235380 to 238510)","s_cmh8_3617","completed","235380","3130","s_cmh8_3617",",,138.226.244.74,,,"
"25599021","04/12 (03:17:10)","134567439","3650","3652","0","3650","(231730 to 235380)","s_cmh8_3617","completed","231730","3650","s_cmh8_3617",",,138.226.244.74,,,"
"25598974","04/12 (03:14:09)","134567371","3220","3222","0","3220","(228510 to 231730)","s_cmh8_3617","completed","228510","3220","s_cmh8_3617",",,138.226.244.74,,,"
"25598951","04/12 (03:13:11)","134567343","36976","36986","0","36976","(336000 to 372976)","s_cmh9_5698","completed","336000","168000","s_cmh9_5698",",,144.31.117.11,,144.31.117.98,,144.31.117.123,,144.31.117.149,,144.31.138.131,,144.31.139.61,,144.31.139.217,,,"
"25598791","04/12 (03:08:09)","134567099","4500","4504","0","4500","(219510 to 224010)","s_cmh8_3583","completed","219510","9000","s_cmh8_3583",",,142.147.96.125,,,"
"25598791","04/12 (03:08:09)","134567100","4500","4503","0","4500","(224010 to 228510)","s_cmh8_3656","completed","219510","9000","s_cmh8_3656",",,5.135.75.179,,,"
"25598654","04/12 (03:02:12)","134566894","94515","84389","0","94515","(91515 to 186030)","s_cmh15_654","completed","91515","94515","s_cmh15_654",",,194.54.185.171,,194.54.185.172,,194.54.185.173,,194.54.185.177,,194.54.185.178,,194.54.185.179,,194.54.185.180,,194.54.185.181,,194.54.185.182,,194.54.185.183,,194.54.185.184,,194.54.185.185,,194.54.185.187,,194.54.185.188,,194.54.185.189,,,"
"25598653","04/12 (03:02:11)","134566893","4400","0","0","4400","(215110 to 219510)","s_cmh8_3656","completed","215110","4400","s_cmh8_3656",",,5.135.75.181,,,"
"25598603","04/12 (02:58:10)","134566835","13500","13508","0","13500","(243000 to 256500)","s_cmh6_5940","completed","243000","13500","s_cmh6_5940",",,198.12.123.227,,198.12.123.228,,198.12.123.229,,198.12.123.230,,198.12.123.234,,198.12.123.235,,198.12.123.236,,198.12.123.237,,198.12.123.238,,198.12.123.239,,198.12.123.240,,198.12.123.244,,198.12.123.245,,198.12.123.247,,198.12.123.248,,198.12.123.250,,198.12.123.254,,,"
"25598547","04/12 (02:53:09)","134566755","1026","8","0","1026","(213056 to 214082)","s_cmh8_3583","completed","212030","3080","s_cmh8_3583",",,142.147.96.123,,,"
"25598547","04/12 (02:53:09)","134566756","1028","1032","0","1028","(214082 to 215110)","s_cmh8_3617","completed","212030","3080","s_cmh8_3617",",,138.226.244.74,,,"
"25598547","04/12 (02:53:09)","134566757","1026","1028","0","1026","(212030 to 213056)","s_cmh8_3656","completed","212030","3080","s_cmh8_3656",",,5.135.75.177,,,"
"25598411","04/12 (02:47:09)","134566537","1200","552","0","1200","(208430 to 209630)","s_cmh8_3583","completed","208430","3600","s_cmh8_3583",",,142.147.96.123,,,"
"25598411","04/12 (02:47:09)","134566538","1200","1202","0","1200","(210830 to 212030)","s_cmh8_3617","completed","208430","3600","s_cmh8_3617",",,138.226.244.74,,,"
"25598411","04/12 (02:47:09)","134566539","1200","1202","0","1200","(209630 to 210830)","s_cmh8_3656","completed","208430","3600","s_cmh8_3656",",,5.135.75.177,,,"
"25598357","04/12 (02:44:09)","134566455","3200","2220","0","3200","(205230 to 208430)","s_cmh8_3583","completed","198830","9600","s_cmh8_3583",",,142.147.96.123,,,"
"25598357","04/12 (02:44:09)","134566456","3200","3200","0","3200","(202030 to 205230)","s_cmh8_3617","completed","198830","9600","s_cmh8_3617",",,138.226.244.74,,,"
"25598357","04/12 (02:44:09)","134566457","3200","2534","0","3200","(198830 to 202030)","s_cmh8_3656","completed","198830","9600","s_cmh8_3656",",,5.135.75.177,,,"
"25598262","04/12 (02:38:11)","134566339","168000","167976","0","168000","(168000 to 336000)","s_cmh9_5698","completed","168000","168000","s_cmh9_5698",",,144.31.117.11,,144.31.117.98,,144.31.117.123,,144.31.117.149,,144.31.138.131,,144.31.139.61,,144.31.139.217,,,"
"25598260","04/12 (02:38:09)","134566336","4400","4404","0","4400","(194430 to 198830)","s_cmh8_3583","completed","190030","8800","s_cmh8_3583",",,142.147.96.125,,,"
"25598260","04/12 (02:38:09)","134566337","4400","4404","0","4400","(190030 to 194430)","s_cmh8_3656","completed","190030","8800","s_cmh8_3656",",,5.135.75.179,,,"
"25598243","04/12 (02:37:11)","134566311","91515","84214","0","91515","(0 to 91515)","s_cmh15_654","completed","0","91515","s_cmh15_654",",,194.54.185.171,,194.54.185.172,,194.54.185.173,,194.54.185.177,,194.54.185.178,,194.54.185.179,,194.54.185.180,,194.54.185.181,,194.54.185.182,,194.54.185.183,,194.54.185.184,,194.54.185.185,,194.54.185.187,,194.54.185.188,,194.54.185.189,,,"
"25597996","04/12 (02:32:09)","134565962","4300","0","0","4300","(185730 to 190030)","s_cmh8_3656","completed","185730","4300","s_cmh8_3656",",,5.135.75.181,,,"
"25597921","04/12 (02:26:09)","134565866","3030","0","0","3030","(182700 to 185730)","s_cmh8_3656","completed","182700","3030","s_cmh8_3656",",,5.135.75.178,,,"
"25597903","04/12 (02:24:10)","134565842","13250","13260","0","13250","(229750 to 243000)","s_cmh6_5940","completed","229750","13250","s_cmh6_5940",",,198.12.123.227,,198.12.123.228,,198.12.123.229,,198.12.123.230,,198.12.123.234,,198.12.123.235,,198.12.123.236,,198.12.123.237,,198.12.123.238,,198.12.123.239,,198.12.123.240,,198.12.123.244,,198.12.123.245,,198.12.123.247,,198.12.123.248,,198.12.123.250,,198.12.123.254,,,"
"25597810","04/12 (02:18:10)","134565718","1184","1186","0","1184","(181516 to 182700)","s_cmh8_3583","completed","179150","3550","s_cmh8_3583",",,142.147.96.123,,,"
"25597810","04/12 (02:18:10)","134565719","1183","1183","0","1183","(180333 to 181516)","s_cmh8_3617","completed","179150","3550","s_cmh8_3617",",,138.226.244.74,,,"
"25597810","04/12 (02:18:10)","134565720","1183","1183","0","1183","(179150 to 180333)","s_cmh8_3656","completed","179150","3550","s_cmh8_3656",",,5.135.75.177,,,"
"25597714","04/12 (02:14:09)","134565572","3180","3182","0","3180","(172790 to 175970)","s_cmh8_3583","completed","169610","9540","s_cmh8_3583",",,142.147.96.123,,,"
"25597714","04/12 (02:14:09)","134565573","3180","3182","0","3180","(175970 to 179150)","s_cmh8_3617","completed","169610","9540","s_cmh8_3617",",,138.226.244.74,,,"
"25597714","04/12 (02:14:09)","134565574","3180","3182","0","3180","(169610 to 172790)","s_cmh8_3656","completed","169610","9540","s_cmh8_3656",",,5.135.75.177,,,"
"25597665","04/12 (02:12:11)","134565478","24916","24921","0","24916","(348060 to 372976)","s_cmh15_654","completed","348060","91515","s_cmh15_654",",,194.54.185.171,,194.54.185.172,,194.54.185.173,,194.54.185.177,,194.54.185.178,,194.54.185.179,,194.54.185.180,,194.54.185.181,,194.54.185.182,,194.54.185.183,,194.54.185.184,,194.54.185.185,,194.54.185.187,,194.54.185.188,,194.54.185.189,,,"
"25597557","04/12 (02:08:10)","134565337","4300","4301","0","4300","(165310 to 169610)","s_cmh8_3617","completed","165310","4300","s_cmh8_3617",",,138.226.244.76,,,"
"25597449","04/12 (02:03:11)","134565155","168000","168005","0","168000","(0 to 168000)","s_cmh9_5698","completed","0","168000","s_cmh9_5698",",,144.31.117.11,,144.31.117.98,,144.31.117.123,,144.31.117.149,,144.31.138.131,,144.31.139.61,,144.31.139.217,,,"
"25597394","04/12 (02:02:09)","134565077","4200","0","0","4200","(161110 to 165310)","s_cmh8_3656","completed","161110","4200","s_cmh8_3656",",,5.135.75.181,,,"
"25597333","04/12 (01:56:10)","134564986","2980","1","0","2980","(158130 to 161110)","s_cmh8_3617","completed","158130","2980","s_cmh8_3617",",,138.226.244.75,,,"
"25597248","04/12 (01:48:11)","134564856","13000","13009","0","13000","(216750 to 229750)","s_cmh6_5940","completed","216750","13000","s_cmh6_5940",",,198.12.123.227,,198.12.123.228,,198.12.123.229,,198.12.123.230,,198.12.123.234,,198.12.123.235,,198.12.123.236,,198.12.123.237,,198.12.123.238,,198.12.123.239,,198.12.123.240,,198.12.123.244,,198.12.123.245,,198.12.123.247,,198.12.123.248,,198.12.123.250,,198.12.123.254,,,"
"25597247","04/12 (01:48:09)","134564853","1166","1166","0","1166","(155796 to 156962)","s_cmh8_3583","completed","154630","3500","s_cmh8_3583",",,142.147.96.123,,,"
"25597247","04/12 (01:48:09)","134564854","1168","1170","0","1168","(156962 to 158130)","s_cmh8_3617","completed","154630","3500","s_cmh8_3617",",,138.226.244.74,,,"
"25597247","04/12 (01:48:09)","134564855","1166","1166","0","1166","(154630 to 155796)","s_cmh8_3656","completed","154630","3500","s_cmh8_3656",",,5.135.75.177,,,"
"25597223","04/12 (01:47:11)","134564821","88515","83809","0","88515","(259545 to 348060)","s_cmh15_654","completed","259545","88515","s_cmh15_654",",,194.54.185.171,,194.54.185.172,,194.54.185.173,,194.54.185.177,,194.54.185.178,,194.54.185.179,,194.54.185.180,,194.54.185.181,,194.54.185.182,,194.54.185.183,,194.54.185.184,,194.54.185.185,,194.54.185.187,,194.54.185.188,,194.54.185.189,,,"
"25597200","04/12 (01:44:10)","134564793","3160","3161","0","3160","(145150 to 148310)","s_cmh8_3583","completed","145150","9480","s_cmh8_3583",",,142.147.96.123,,,"
"25597200","04/12 (01:44:10)","134564794","3160","3162","0","3160","(151470 to 154630)","s_cmh8_3617","completed","145150","9480","s_cmh8_3617",",,138.226.244.74,,,"
"25597200","04/12 (01:44:10)","134564795","3160","3162","0","3160","(148310 to 151470)","s_cmh8_3656","completed","145150","9480","s_cmh8_3656",",,5.135.75.177,,,"
"25597097","04/12 (01:38:09)","134564653","4200","4204","0","4200","(140950 to 145150)","s_cmh8_3617","completed","140950","4200","s_cmh8_3617",",,138.226.244.76,,,"
"25596825","04/12 (01:32:09)","134564258","4100","0","0","4100","(136850 to 140950)","s_cmh8_3656","completed","136850","4100","s_cmh8_3656",",,5.135.75.181,,,"
"25596761","04/12 (01:28:10)","134564160","31976","31986","0","31976","(341000 to 372976)","s_cmh9_5698","completed","341000","168000","s_cmh9_5698",",,144.31.117.11,,144.31.117.98,,144.31.117.123,,144.31.117.149,,144.31.138.131,,144.31.139.61,,144.31.139.217,,,"
"25596709","04/12 (01:23:10)","134564094","1465","36","0","1465","(135385 to 136850)","s_cmh8_3617","completed","133920","2930","s_cmh8_3617",",,138.226.244.77,,,"
"25596709","04/12 (01:23:10)","134564095","1465","2","0","1465","(133920 to 135385)","s_cmh8_3656","completed","133920","2930","s_cmh8_3656",",,5.135.75.180,,,"
"25596693","04/12 (01:22:11)","134564073","10200","10204","0","10200","(65000 to 75200)","s_cmh11_1341","completed","65000","66300","s_cmh11_1341",",,192.227.72.165,,192.227.72.168,,,"
"25596693","04/12 (01:22:11)","134564074","20400","20408","0","20400","(90500 to 110900)","s_cmh11_1343","completed","65000","66300","s_cmh11_1343",",,51.254.12.38,,51.254.12.39,,51.254.12.40,,51.254.12.41,,,"
"25596693","04/12 (01:22:11)","134564075","20400","20408","0","20400","(110900 to 131300)","s_cmh11_1372","completed","65000","66300","s_cmh11_1372",",,135.125.140.36,,135.125.140.51,,135.125.140.52,,217.182.198.9,,,"
"25596693","04/12 (01:22:11)","134564076","15300","15306","0","15300","(75200 to 90500)","s_cmh11_1388","completed","65000","66300","s_cmh11_1388",",,69.162.64.210,,69.162.64.212,,69.162.64.213,,,"
"25596692","04/12 (01:22:10)","134564072","88515","84690","0","88515","(171030 to 259545)","s_cmh15_654","completed","171030","88515","s_cmh15_654",",,194.54.185.171,,194.54.185.172,,194.54.185.173,,194.54.185.177,,194.54.185.178,,194.54.185.179,,194.54.185.180,,194.54.185.181,,194.54.185.182,,194.54.185.183,,194.54.185.184,,194.54.185.185,,194.54.185.187,,194.54.185.188,,194.54.185.189,,,"
"25596666","04/12 (01:20:10)","134564039","3450","3452","0","3450","(130470 to 133920)","s_cmh8_3617","completed","127020","6900","s_cmh8_3617",",,138.226.244.77,,,"
"25596666","04/12 (01:20:10)","134564040","3450","3451","0","3450","(127020 to 130470)","s_cmh8_3656","completed","127020","6900","s_cmh8_3656",",,5.135.75.180,,,"
"25596594","04/12 (01:16:12)","134563931","216750","173653","0","216750","(0 to 216750)","s_cmh6_5940","completed","0","216750","s_cmh6_5940",",,198.12.123.227,,198.12.123.228,,198.12.123.229,,198.12.123.230,,198.12.123.234,,198.12.123.235,,198.12.123.236,,198.12.123.237,,198.12.123.238,,198.12.123.239,,198.12.123.240,,198.12.123.244,,198.12.123.245,,198.12.123.247,,198.12.123.248,,198.12.123.250,,198.12.123.254,,,"
"25596569","04/12 (01:14:09)","134563893","3140","3142","0","3140","(120740 to 123880)","s_cmh8_3583","completed","117600","9420","s_cmh8_3583",",,142.147.96.123,,,"
"25596569","04/12 (01:14:09)","134563894","3140","3141","0","3140","(123880 to 127020)","s_cmh8_3617","completed","117600","9420","s_cmh8_3617",",,138.226.244.74,,,"
"25596569","04/12 (01:14:09)","134563895","3140","3142","0","3140","(117600 to 120740)","s_cmh8_3656","completed","117600","9420","s_cmh8_3656",",,5.135.75.177,,,"
"25596407","04/12 (01:08:10)","134563668","4100","873","0","4100","(113500 to 117600)","s_cmh8_3583","completed","105300","12300","s_cmh8_3583",",,142.147.96.125,,,"
"25596407","04/12 (01:08:10)","134563669","4100","4104","0","4100","(109400 to 113500)","s_cmh8_3617","completed","105300","12300","s_cmh8_3617",",,138.226.244.76,,,"
"25596407","04/12 (01:08:10)","134563670","4100","1354","0","4100","(105300 to 109400)","s_cmh8_3656","completed","105300","12300","s_cmh8_3656",",,5.135.75.179,,,"
"25596183","04/12 (01:02:10)","134563319","4000","0","0","4000","(101300 to 105300)","s_cmh8_3656","completed","101300","4000","s_cmh8_3656",",,5.135.75.181,,,"
"25596100","04/12 (00:57:12)","134563194","10000","10004","0","10000","(55000 to 65000)","s_cmh11_1341","completed","0","65000","s_cmh11_1341",",,192.227.72.165,,192.227.72.168,,,"
"25596100","04/12 (00:57:12)","134563195","20000","20008","0","20000","(15000 to 35000)","s_cmh11_1343","completed","0","65000","s_cmh11_1343",",,51.254.12.38,,51.254.12.39,,51.254.12.40,,51.254.12.41,,,"
"25596100","04/12 (00:57:12)","134563196","20000","20005","0","20000","(35000 to 55000)","s_cmh11_1372","completed","0","65000","s_cmh11_1372",",,135.125.140.36,,135.125.140.51,,135.125.140.52,,217.182.198.9,,,"
"25596100","04/12 (00:57:12)","134563197","15000","15006","0","15000","(0 to 15000)","s_cmh11_1388","completed","0","65000","s_cmh11_1388",",,69.162.64.210,,69.162.64.212,,69.162.64.213,,,"
"25596099","04/12 (00:57:12)","134563193","85515","83812","0","85515","(85515 to 171030)","s_cmh15_654","completed","85515","85515","s_cmh15_654",",,194.54.185.171,,194.54.185.172,,194.54.185.173,,194.54.185.177,,194.54.185.178,,194.54.185.179,,194.54.185.180,,194.54.185.181,,194.54.185.182,,194.54.185.183,,194.54.185.184,,194.54.185.185,,194.54.185.187,,194.54.185.188,,194.54.185.189,,,"
"25596089","04/12 (00:56:09)","134563178","2880","1321","0","2880","(98420 to 101300)","s_cmh8_3656","completed","98420","2880","s_cmh8_3656",",,5.135.75.178,,,"
"25596058","04/12 (00:53:10)","134563138","168000","167997","0","168000","(173000 to 341000)","s_cmh9_5698","completed","173000","168000","s_cmh9_5698",",,144.31.117.11,,144.31.117.98,,144.31.117.123,,144.31.117.149,,144.31.138.131,,144.31.139.61,,144.31.139.217,,,"
"25596013","04/12 (00:50:09)","134563068","3400","3402","0","3400","(91620 to 95020)","s_cmh8_3617","completed","91620","6800","s_cmh8_3617",",,138.226.244.77,,,"
"25596013","04/12 (00:50:09)","134563069","3400","3402","0","3400","(95020 to 98420)","s_cmh8_3656","completed","91620","6800","s_cmh8_3656",",,5.135.75.180,,,"
"25595907","04/12 (00:44:10)","134562923","3120","3121","0","3120","(82260 to 85380)","s_cmh8_3583","completed","82260","9360","s_cmh8_3583",",,142.147.96.123,,,"
"25595907","04/12 (00:44:10)","134562924","3120","3122","0","3120","(88500 to 91620)","s_cmh8_3617","completed","82260","9360","s_cmh8_3617",",,138.226.244.74,,,"
"25595907","04/12 (00:44:10)","134562925","3120","3122","0","3120","(85380 to 88500)","s_cmh8_3656","completed","82260","9360","s_cmh8_3656",",,5.135.75.177,,,"
"25595838","04/12 (00:38:13)","134562838","164726","164723","0","164726","(208250 to 372976)","s_cmh6_5940","completed","208250","212500","s_cmh6_5940",",,198.12.123.227,,198.12.123.228,,198.12.123.229,,198.12.123.230,,198.12.123.234,,198.12.123.235,,198.12.123.236,,198.12.123.237,,198.12.123.238,,198.12.123.239,,198.12.123.240,,198.12.123.244,,198.12.123.245,,198.12.123.247,,198.12.123.248,,198.12.123.250,,198.12.123.254,,,"
"25595836","04/12 (00:38:09)","134562833","4000","4004","0","4000","(74260 to 78260)","s_cmh8_3583","completed","70260","12000","s_cmh8_3583",",,142.147.96.125,,,"
"25595836","04/12 (00:38:09)","134562834","4000","4004","0","4000","(70260 to 74260)","s_cmh8_3617","completed","70260","12000","s_cmh8_3617",",,138.226.244.76,,,"
"25595836","04/12 (00:38:09)","134562835","4000","4004","0","4000","(78260 to 82260)","s_cmh8_3656","completed","70260","12000","s_cmh8_3656",",,5.135.75.179,,,"
"25595506","04/12 (00:31:37)","134562379","3900","0","0","3900","(66360 to 70260)","s_cmh8_3656","completed","66360","3900","s_cmh8_3656",",,5.135.75.181,,,"
"25595495","04/12 (00:31:08)","134562365","85515","85517","0","85515","(85515 to 171030)","s_cmh15_654","completed","85515","85515","s_cmh15_654",",,194.54.185.171,,194.54.185.172,,194.54.185.173,,194.54.185.177,,194.54.185.178,,194.54.185.179,,194.54.185.180,,194.54.185.181,,194.54.185.182,,194.54.185.183,,194.54.185.184,,194.54.185.185,,194.54.185.187,,194.54.185.188,,194.54.185.189,,,"
"25595491","04/12 (00:30:56)","134562356","9442","9445","0","9442","(311600 to 321042)","s_cmh11_1341","completed","311600","63700","s_cmh11_1341",",,192.227.72.165,,192.227.72.168,,,"
"25595491","04/12 (00:30:56)","134562357","18887","18894","0","18887","(354089 to 372976)","s_cmh11_1343","completed","311600","63700","s_cmh11_1343",",,51.254.12.38,,51.254.12.39,,51.254.12.40,,51.254.12.41,,,"
"25595491","04/12 (00:30:56)","134562358","18884","18892","0","18884","(335205 to 354089)","s_cmh11_1372","completed","311600","63700","s_cmh11_1372",",,135.125.140.36,,135.125.140.51,,135.125.140.52,,217.182.198.9,,,"
"25595491","04/12 (00:30:56)","134562359","14163","14168","0","14163","(321042 to 335205)","s_cmh11_1388","completed","311600","63700","s_cmh11_1388",",,69.162.64.210,,69.162.64.212,,69.162.64.213,,,"
"25595404","04/12 (00:26:10)","134562227","2830","3","0","2830","(63530 to 66360)","s_cmh8_3617","completed","60700","5660","s_cmh8_3617",",,138.226.244.75,,,"
"25595404","04/12 (00:26:10)","134562228","2830","2834","0","2830","(60700 to 63530)","s_cmh8_3656","completed","60700","5660","s_cmh8_3656",",,5.135.75.178,,,"
"25595300","04/12 (00:20:11)","134562058","3350","3352","0","3350","(57350 to 60700)","s_cmh8_3617","completed","54000","6700","s_cmh8_3617",",,138.226.244.77,,,"
"25595300","04/12 (00:20:11)","134562059","3350","3352","0","3350","(54000 to 57350)","s_cmh8_3656","completed","54000","6700","s_cmh8_3656",",,5.135.75.180,,,"
"25595271","04/12 (00:18:13)","134562020","168000","167939","0","168000","(5000 to 173000)","s_cmh9_5698","completed","5000","168000","s_cmh9_5698",",,144.31.117.11,,144.31.117.98,,144.31.117.123,,144.31.117.149,,144.31.138.131,,144.31.139.61,,144.31.139.217,,,"
"25595182","04/12 (00:14:10)","134561890","3100","3101","0","3100","(47800 to 50900)","s_cmh8_3583","completed","44700","9300","s_cmh8_3583",",,142.147.96.123,,,"
"25595182","04/12 (00:14:10)","134561891","3100","3102","0","3100","(50900 to 54000)","s_cmh8_3617","completed","44700","9300","s_cmh8_3617",",,138.226.244.74,,,"
"25595182","04/12 (00:14:10)","134561892","3100","3101","0","3100","(44700 to 47800)","s_cmh8_3656","completed","44700","9300","s_cmh8_3656",",,5.135.75.177,,,"
"25594913","04/12 (00:05:20)","134561476","3900","3903","0","3900","(40800 to 44700)","s_cmh8_3583","completed","33000","11700","s_cmh8_3583",",,142.147.96.125,,,"
"25594913","04/12 (00:05:20)","134561477","3900","3904","0","3900","(33000 to 36900)","s_cmh8_3617","completed","33000","11700","s_cmh8_3617",",,138.226.244.76,,,"
"25594913","04/12 (00:05:20)","134561478","3900","3904","0","3900","(36900 to 40800)","s_cmh8_3656","completed","33000","11700","s_cmh8_3656",",,5.135.75.179,,,"
"25594853","04/12 (00:04:22)","134561399","9600","9603","0","9600","(249200 to 258800)","s_cmh11_1341","completed","249200","62400","s_cmh11_1341",",,192.227.72.165,,192.227.72.168,,,"
"25594853","04/12 (00:04:22)","134561400","19200","19205","0","19200","(292400 to 311600)","s_cmh11_1343","completed","249200","62400","s_cmh11_1343",",,51.254.12.38,,51.254.12.39,,51.254.12.40,,51.254.12.41,,,"
"25594853","04/12 (00:04:22)","134561401","19200","19207","0","19200","(258800 to 278000)","s_cmh11_1372","completed","249200","62400","s_cmh11_1372",",,135.125.140.36,,135.125.140.51,,135.125.140.52,,217.182.198.9,,,"
"25594853","04/12 (00:04:22)","134561402","14400","14405","0","14400","(278000 to 292400)","s_cmh11_1388","completed","249200","62400","s_cmh11_1388",",,69.162.64.210,,69.162.64.212,,69.162.64.213,,,"
"25594757","04/12 (00:03:21)","134561269","208250","208248","0","208250","(0 to 208250)","s_cmh6_5940","completed","0","208250","s_cmh6_5940",",,198.12.123.227,,198.12.123.228,,198.12.123.229,,198.12.123.230,,198.12.123.234,,198.12.123.235,,198.12.123.236,,198.12.123.237,,198.12.123.238,,198.12.123.239,,198.12.123.240,,198.12.123.244,,198.12.123.245,,198.12.123.247,,198.12.123.248,,198.12.123.250,,198.12.123.254,,,"
"25674252","04/13 (23:59:18)","134674944","49500","0","0","49500","(260712 to 310212)","s_cmh2_6101","completed","260712","49500","s_cmh2_6101",",,107.6.171.227,,107.6.171.228,,107.6.171.230,,,"
"25673847","04/13 (23:39:18)","134674320","5766","5772","0","5766","(110838 to 116604)","s_cmh2_6127","completed","110838","5766","s_cmh2_6127",",,51.161.79.217,,,"
"25673618","04/13 (23:34:17)","134673974","8998","9004","0","8998","(101840 to 110838)","s_cmh2_6145","completed","101840","8998","s_cmh2_6145",",,51.68.222.162,,51.75.164.228,,,"
"25673219","04/13 (23:27:17)","134673445","7732","7738","0","7732","(94108 to 101840)","s_cmh2_6121","completed","94108","7732","s_cmh2_6121",",,23.19.114.9,,23.82.139.242,,,"
"25673186","04/13 (23:24:17)","134673390","47100","47101","0","47100","(213612 to 260712)","s_cmh2_6101","completed","213612","47100","s_cmh2_6101",",,107.6.171.227,,107.6.171.228,,107.6.171.230,,,"
"25672632","04/13 (23:06:17)","134672613","5433","5439","0","5433","(88675 to 94108)","s_cmh2_6127","completed","88675","5433","s_cmh2_6127",",,51.161.79.217,,,"
"25672429","04/13 (22:59:17)","134672305","8332","8338","0","8332","(80343 to 88675)","s_cmh2_6145","completed","80343","8332","s_cmh2_6145",",,51.68.222.162,,51.75.164.228,,,"
"25672224","04/13 (22:52:17)","134672036","7066","7072","0","7066","(73277 to 80343)","s_cmh2_6121","completed","73277","7066","s_cmh2_6121",",,23.19.114.9,,23.82.139.242,,,"
"25672148","04/13 (22:49:17)","134671912","46500","46497","0","46500","(167112 to 213612)","s_cmh2_6101","completed","167112","46500","s_cmh2_6101",",,107.6.171.227,,107.6.171.228,,107.6.171.230,,,"
"25671380","04/13 (22:31:17)","134670762","5433","5439","0","5433","(67844 to 73277)","s_cmh2_6127","completed","67844","5433","s_cmh2_6127",",,51.161.79.217,,,"
"25671116","04/13 (22:24:17)","134670419","7666","7672","0","7666","(60178 to 67844)","s_cmh2_6145","completed","60178","7666","s_cmh2_6145",",,51.68.222.162,,51.75.164.228,,,"
"25670858","04/13 (22:17:17)","134670105","7066","7072","0","7066","(53112 to 60178)","s_cmh2_6121","completed","53112","7066","s_cmh2_6121",",,23.19.114.9,,23.82.139.242,,,"
"25670750","04/13 (22:14:17)","134669941","45900","45901","0","45900","(121212 to 167112)","s_cmh2_6101","completed","121212","45900","s_cmh2_6101",",,107.6.171.227,,107.6.171.228,,107.6.171.230,,,"
"25669859","04/13 (21:54:53)","134668731","10200","9389","0","10200","(42912 to 53112)","s_cmh2_6127","completed","42912","10200","s_cmh2_6127",",,51.161.79.217,,158.69.54.111,,,"
"25669725","04/13 (21:49:17)","134668535","7000","7003","0","7000","(35912 to 42912)","s_cmh2_6145","completed","35912","7000","s_cmh2_6145",",,51.68.222.162,,51.75.164.228,,,"
"25669552","04/13 (21:42:17)","134668290","6400","6405","0","6400","(29512 to 35912)","s_cmh2_6121","completed","29512","6400","s_cmh2_6121",",,23.19.114.9,,23.82.139.242,,,"
"25669478","04/13 (21:39:17)","134668195","45300","45306","0","45300","(75912 to 121212)","s_cmh2_6101","completed","75912","45300","s_cmh2_6101",",,107.6.171.227,,107.6.171.228,,107.6.171.230,,,"
"25668537","04/13 (21:19:18)","134666835","10200","10206","0","10200","(19312 to 29512)","s_cmh2_6127","completed","19312","10200","s_cmh2_6127",",,51.161.79.217,,158.69.54.111,,,"
"25668323","04/13 (21:14:17)","134666547","6500","6506","0","6500","(12812 to 19312)","s_cmh2_6145","completed","12812","6500","s_cmh2_6145",",,51.68.222.162,,51.75.164.228,,,"
"25667938","04/13 (21:07:17)","134666055","6400","6405","0","6400","(6412 to 12812)","s_cmh2_6121","completed","6412","6400","s_cmh2_6121",",,23.19.114.9,,23.82.139.242,,,"
"25667759","04/13 (21:03:00)","134665833","69500","46550","0","69500","(6412 to 75912)","s_cmh2_6101","completed","6412","69500","s_cmh2_6101",",,107.6.171.226,,107.6.171.227,,107.6.171.228,,107.6.171.229,,107.6.171.230,,,"
"25666548","04/13 (20:23:12)","134664129","5700","0","0","5700","(140280 to 145980)","s_cmh8_3656","completed","140280","5700","s_cmh8_3656",",,5.135.75.181,,,"
"25666239","04/13 (20:17:08)","134663753","1244","1248","0","1244","(139036 to 140280)","s_cmh8_3583","completed","136550","3730","s_cmh8_3583",",,142.147.96.123,,,"
"25666239","04/13 (20:17:08)","134663754","1243","1245","0","1243","(137793 to 139036)","s_cmh8_3617","completed","136550","3730","s_cmh8_3617",",,138.226.244.74,,,"
"25666239","04/13 (20:17:08)","134663755","1243","0","0","1243","(136550 to 137793)","s_cmh8_3656","completed","136550","3730","s_cmh8_3656",",,5.135.75.177,,,"
"25666055","04/13 (20:11:07)","134663512","1416","1416","0","1416","(133716 to 135132)","s_cmh8_3583","completed","132300","4250","s_cmh8_3583",",,142.147.96.123,,,"
"25666055","04/13 (20:11:07)","134663513","1416","1416","0","1416","(132300 to 133716)","s_cmh8_3617","completed","132300","4250","s_cmh8_3617",",,138.226.244.74,,,"
"25666055","04/13 (20:11:07)","134663514","1418","0","0","1418","(135132 to 136550)","s_cmh8_3656","completed","132300","4250","s_cmh8_3656",",,5.135.75.177,,,"
"25665730","04/13 (20:05:12)","134663132","3460","3461","0","3460","(121920 to 125380)","s_cmh8_3583","completed","121920","10380","s_cmh8_3583",",,142.147.96.123,,,"
"25665730","04/13 (20:05:12)","134663133","3460","3462","0","3460","(128840 to 132300)","s_cmh8_3617","completed","121920","10380","s_cmh8_3617",",,138.226.244.74,,,"
"25665730","04/13 (20:05:12)","134663134","3460","0","0","3460","(125380 to 128840)","s_cmh8_3656","completed","121920","10380","s_cmh8_3656",",,5.135.75.177,,,"
"25665469","04/13 (19:59:12)","134662760","5800","5804","0","5800","(104520 to 110320)","s_cmh8_3583","completed","104520","17400","s_cmh8_3583",",,142.147.96.125,,,"
"25665469","04/13 (19:59:12)","134662761","5800","5804","0","5800","(116120 to 121920)","s_cmh8_3617","completed","104520","17400","s_cmh8_3617",",,138.226.244.76,,,"
"25665469","04/13 (19:59:12)","134662762","5800","5804","0","5800","(110320 to 116120)","s_cmh8_3656","completed","104520","17400","s_cmh8_3656",",,5.135.75.179,,,"
"25665150","04/13 (19:48:18)","134662301","84000","74253","0","84000","(0 to 84000)","s_cmh9_5702","completed","0","84000","s_cmh9_5702",",,89.116.64.219,,89.116.64.220,,89.116.64.240,,89.117.12.14,,89.117.12.18,,89.117.12.26,,89.117.12.28,,,"
"25665116","04/13 (19:47:12)","134662263","5600","0","0","5600","(98920 to 104520)","s_cmh8_3656","completed","98920","5600","s_cmh8_3656",",,5.135.75.181,,,"
"25665041","04/13 (19:44:17)","134662152","1584","1588","0","1584","(368168 to 369752)","s_cmh11_1341","completed","365000","97500","s_cmh11_1341",",,192.227.72.165,,192.227.72.168,,,"
"25665041","04/13 (19:44:17)","134662153","3168","3175","0","3168","(365000 to 368168)","s_cmh11_1343","completed","365000","97500","s_cmh11_1343",",,51.254.12.38,,51.254.12.39,,51.254.12.40,,51.254.12.41,,,"
"25665041","04/13 (19:44:17)","134662154","3168","3176","0","3168","(369752 to 372920)","s_cmh11_1372","completed","365000","97500","s_cmh11_1372",",,135.125.140.36,,135.125.140.51,,135.125.140.52,,217.182.198.9,,,"
"25664965","04/13 (19:41:07)","134662014","1226","1228","0","1226","(96466 to 97692)","s_cmh8_3583","completed","95240","3680","s_cmh8_3583",",,142.147.96.123,,,"
"25664965","04/13 (19:41:07)","134662015","1228","1232","0","1228","(97692 to 98920)","s_cmh8_3617","completed","95240","3680","s_cmh8_3617",",,138.226.244.74,,,"
"25664965","04/13 (19:41:07)","134662016","1226","0","0","1226","(95240 to 96466)","s_cmh8_3656","completed","95240","3680","s_cmh8_3656",",,5.135.75.177,,,"
"25664849","04/13 (19:37:19)","134661858","130620","130613","0","130620","(121000 to 251620)","s_cmh9_5687","completed","121000","324000","s_cmh9_5687",",,91.223.3.150,,91.223.3.186,,91.223.3.187,,91.223.3.189,,91.223.3.194,,91.223.3.195,,91.223.3.196,,91.223.3.197,,91.223.3.198,,91.223.3.199,,91.223.3.200,,91.223.3.204,,91.223.3.208,,91.223.3.209,,,"
"25664849","04/13 (19:37:19)","134661859","121300","121297","0","121300","(251620 to 372920)","s_cmh9_5689","completed","121000","324000","s_cmh9_5689",",,23.231.25.47,,23.231.25.49,,23.231.25.51,,23.231.25.52,,23.231.25.53,,23.231.25.54,,23.231.25.55,,23.231.25.56,,23.231.25.57,,23.231.25.58,,23.231.25.59,,23.231.25.61,,23.231.25.62,,,"
"25664766","04/13 (19:35:08)","134661743","1400","1402","0","1400","(92440 to 93840)","s_cmh8_3583","completed","91040","4200","s_cmh8_3583",",,142.147.96.123,,,"
"25664766","04/13 (19:35:08)","134661744","1400","1402","0","1400","(93840 to 95240)","s_cmh8_3617","completed","91040","4200","s_cmh8_3617",",,138.226.244.74,,,"
"25664766","04/13 (19:35:08)","134661745","1400","0","0","1400","(91040 to 92440)","s_cmh8_3656","completed","91040","4200","s_cmh8_3656",",,5.135.75.177,,,"
"25664324","04/13 (19:29:12)","134661133","3440","3442","0","3440","(87600 to 91040)","s_cmh8_3583","completed","80720","10320","s_cmh8_3583",",,142.147.96.123,,,"
"25664324","04/13 (19:29:12)","134661134","3440","3441","0","3440","(80720 to 84160)","s_cmh8_3617","completed","80720","10320","s_cmh8_3617",",,138.226.244.74,,,"
"25664324","04/13 (19:29:12)","134661135","3440","0","0","3440","(84160 to 87600)","s_cmh8_3656","completed","80720","10320","s_cmh8_3656",",,5.135.75.177,,,"
"25664179","04/13 (19:23:18)","134660912","121000","114877","0","121000","(0 to 121000)","s_cmh9_5702","completed","0","121000","s_cmh9_5702",",,89.116.64.219,,89.116.64.220,,89.116.64.240,,89.117.12.9,,89.117.12.14,,89.117.12.18,,89.117.12.21,,89.117.12.26,,89.117.12.28,,89.117.12.45,,89.117.12.48,,,"
"25664175","04/13 (19:23:12)","134660906","5700","5704","0","5700","(75020 to 80720)","s_cmh8_3583","completed","63620","17100","s_cmh8_3583",",,142.147.96.125,,,"
"25664175","04/13 (19:23:12)","134660907","5700","5704","0","5700","(69320 to 75020)","s_cmh8_3617","completed","63620","17100","s_cmh8_3617",",,138.226.244.76,,,"
"25664175","04/13 (19:23:12)","134660908","5700","5704","0","5700","(63620 to 69320)","s_cmh8_3656","completed","63620","17100","s_cmh8_3656",",,5.135.75.179,,,"
"25664082","04/13 (19:19:19)","134660774","19000","19003","0","19000","(308000 to 327000)","s_cmh11_1341","completed","270000","95000","s_cmh11_1341",",,192.227.72.165,,192.227.72.168,,,"
"25664082","04/13 (19:19:19)","134660775","38000","38007","0","38000","(327000 to 365000)","s_cmh11_1343","completed","270000","95000","s_cmh11_1343",",,51.254.12.38,,51.254.12.39,,51.254.12.40,,51.254.12.41,,,"
"25664082","04/13 (19:19:19)","134660776","38000","38004","0","38000","(270000 to 308000)","s_cmh11_1372","completed","270000","95000","s_cmh11_1372",",,135.125.140.36,,135.125.140.51,,135.125.140.52,,217.182.198.9,,,"
"25663744","04/13 (19:12:19)","134660315","131138","131132","0","131138","(120000 to 251138)","s_cmh9_5687","completed","120000","297000","s_cmh9_5687",",,91.223.3.150,,91.223.3.186,,91.223.3.187,,91.223.3.189,,91.223.3.194,,91.223.3.195,,91.223.3.196,,91.223.3.197,,91.223.3.198,,91.223.3.199,,91.223.3.200,,91.223.3.204,,91.223.3.208,,91.223.3.209,,,"
"25663744","04/13 (19:12:19)","134660316","121782","121773","0","121782","(251138 to 372920)","s_cmh9_5689","completed","120000","297000","s_cmh9_5689",",,23.231.25.47,,23.231.25.49,,23.231.25.51,,23.231.25.52,,23.231.25.53,,23.231.25.54,,23.231.25.55,,23.231.25.56,,23.231.25.57,,23.231.25.58,,23.231.25.59,,23.231.25.61,,23.231.25.62,,,"
"25663727","04/13 (19:11:12)","134660295","5500","0","0","5500","(58120 to 63620)","s_cmh8_3656","completed","58120","5500","s_cmh8_3656",",,5.135.75.181,,,"
"25663361","04/13 (19:05:08)","134659829","1210","1214","0","1210","(56910 to 58120)","s_cmh8_3583","completed","54490","3630","s_cmh8_3583",",,142.147.96.123,,,"
"25663361","04/13 (19:05:08)","134659830","1210","1214","0","1210","(54490 to 55700)","s_cmh8_3617","completed","54490","3630","s_cmh8_3617",",,138.226.244.74,,,"
"25663361","04/13 (19:05:08)","134659831","1210","102","0","1210","(55700 to 56910)","s_cmh8_3656","completed","54490","3630","s_cmh8_3656",",,5.135.75.177,,,"
"25663093","04/13 (18:59:07)","134659460","1383","1383","0","1383","(51723 to 53106)","s_cmh8_3583","completed","50340","4150","s_cmh8_3583",",,142.147.96.123,,,"
"25663093","04/13 (18:59:07)","134659461","1383","1383","0","1383","(50340 to 51723)","s_cmh8_3617","completed","50340","4150","s_cmh8_3617",",,138.226.244.74,,,"
"25663093","04/13 (18:59:07)","134659462","1384","56","0","1384","(53106 to 54490)","s_cmh8_3656","completed","50340","4150","s_cmh8_3656",",,5.135.75.177,,,"
"25663075","04/13 (18:58:18)","134659442","120000","119423","0","120000","(0 to 120000)","s_cmh9_5702","completed","0","120000","s_cmh9_5702",",,89.116.64.219,,89.116.64.220,,89.116.64.240,,89.117.12.8,,89.117.12.9,,89.117.12.14,,89.117.12.18,,89.117.12.21,,89.117.12.26,,89.117.12.28,,89.117.12.45,,89.117.12.48,,,"
"25662985","04/13 (18:54:17)","134659310","18500","18503","0","18500","(214500 to 233000)","s_cmh11_1341","completed","177500","92500","s_cmh11_1341",",,192.227.72.165,,192.227.72.168,,,"
"25662985","04/13 (18:54:17)","134659311","37000","37000","0","37000","(177500 to 214500)","s_cmh11_1343","completed","177500","92500","s_cmh11_1343",",,51.254.12.38,,51.254.12.39,,51.254.12.40,,51.254.12.41,,,"
"25662985","04/13 (18:54:17)","134659312","37000","37005","0","37000","(233000 to 270000)","s_cmh11_1372","completed","177500","92500","s_cmh11_1372",",,135.125.140.36,,135.125.140.51,,135.125.140.52,,217.182.198.9,,,"
"25662941","04/13 (18:53:12)","134659243","3420","3421","0","3420","(46920 to 50340)","s_cmh8_3583","completed","40080","10260","s_cmh8_3583",",,142.147.96.123,,,"
"25662941","04/13 (18:53:12)","134659244","3420","3421","0","3420","(40080 to 43500)","s_cmh8_3617","completed","40080","10260","s_cmh8_3617",",,138.226.244.74,,,"
"25662941","04/13 (18:53:12)","134659245","3420","3421","0","3420","(43500 to 46920)","s_cmh8_3656","completed","40080","10260","s_cmh8_3656",",,5.135.75.177,,,"
"25662707","04/13 (18:47:19)","134658901","11377","11383","0","11377","(361543 to 372920)","s_cmh9_5687","completed","351000","270000","s_cmh9_5687",",,91.223.3.150,,91.223.3.186,,91.223.3.187,,91.223.3.189,,91.223.3.194,,91.223.3.195,,91.223.3.196,,91.223.3.197,,91.223.3.198,,91.223.3.199,,91.223.3.200,,91.223.3.204,,91.223.3.208,,91.223.3.209,,,"
"25662707","04/13 (18:47:19)","134658902","10543","10549","0","10543","(351000 to 361543)","s_cmh9_5689","completed","351000","270000","s_cmh9_5689",",,23.231.25.47,,23.231.25.49,,23.231.25.51,,23.231.25.52,,23.231.25.53,,23.231.25.54,,23.231.25.55,,23.231.25.56,,23.231.25.57,,23.231.25.58,,23.231.25.59,,23.231.25.61,,23.231.25.62,,,"
"25662701","04/13 (18:47:12)","134658893","5600","5604","0","5600","(34480 to 40080)","s_cmh8_3583","completed","23280","16800","s_cmh8_3583",",,142.147.96.125,,,"
"25662701","04/13 (18:47:12)","134658894","5600","5604","0","5600","(28880 to 34480)","s_cmh8_3617","completed","23280","16800","s_cmh8_3617",",,138.226.244.76,,,"
"25662701","04/13 (18:47:12)","134658895","5600","5604","0","5600","(23280 to 28880)","s_cmh8_3656","completed","23280","16800","s_cmh8_3656",",,5.135.75.179,,,"
"25662319","04/13 (18:35:12)","134658342","5400","0","0","5400","(17880 to 23280)","s_cmh8_3656","completed","17880","5400","s_cmh8_3656",",,5.135.75.181,,,"
"25662114","04/13 (18:33:18)","134658062","108000","108005","0","108000","(243000 to 351000)","s_cmh9_5702","completed","243000","108000","s_cmh9_5702",",,89.116.64.219,,89.116.64.220,,89.116.64.240,,89.117.12.8,,89.117.12.9,,89.117.12.14,,89.117.12.18,,89.117.12.21,,89.117.12.26,,89.117.12.28,,89.117.12.45,,89.117.12.48,,,"
"25661908","04/13 (18:29:17)","134657764","18000","18003","0","18000","(123500 to 141500)","s_cmh11_1341","completed","87500","90000","s_cmh11_1341",",,192.227.72.165,,192.227.72.168,,,"
"25661908","04/13 (18:29:17)","134657765","36000","36006","0","36000","(141500 to 177500)","s_cmh11_1343","completed","87500","90000","s_cmh11_1343",",,51.254.12.38,,51.254.12.39,,51.254.12.40,,51.254.12.41,,,"
"25661908","04/13 (18:29:17)","134657766","36000","36008","0","36000","(87500 to 123500)","s_cmh11_1372","completed","87500","90000","s_cmh11_1372",",,135.125.140.36,,135.125.140.51,,135.125.140.52,,217.182.198.9,,,"
"25661903","04/13 (18:29:08)","134657759","3580","25","0","3580","(14300 to 17880)","s_cmh8_3617","completed","14300","3580","s_cmh8_3617",",,138.226.244.77,,,"
"25661776","04/13 (18:23:12)","134657582","4100","909","0","4100","(10200 to 14300)","s_cmh8_3617","completed","10200","4100","s_cmh8_3617",",,138.226.244.77,,,"
"25661752","04/13 (18:22:19)","134657549","126000","126005","0","126000","(0 to 126000)","s_cmh9_5687","completed","0","243000","s_cmh9_5687",",,91.223.3.150,,91.223.3.186,,91.223.3.187,,91.223.3.189,,91.223.3.194,,91.223.3.195,,91.223.3.196,,91.223.3.197,,91.223.3.198,,91.223.3.199,,91.223.3.200,,91.223.3.204,,91.223.3.208,,91.223.3.209,,,"
"25661752","04/13 (18:22:19)","134657550","117000","116995","0","117000","(126000 to 243000)","s_cmh9_5689","completed","0","243000","s_cmh9_5689",",,23.231.25.47,,23.231.25.49,,23.231.25.51,,23.231.25.52,,23.231.25.53,,23.231.25.54,,23.231.25.55,,23.231.25.56,,23.231.25.57,,23.231.25.58,,23.231.25.59,,23.231.25.61,,23.231.25.62,,,"
"25661561","04/13 (18:17:12)","134657294","3400","3402","0","3400","(3400 to 6800)","s_cmh8_3583","completed","0","10200","s_cmh8_3583",",,142.147.96.123,,,"
"25661561","04/13 (18:17:12)","134657295","3400","3402","0","3400","(0 to 3400)","s_cmh8_3617","completed","0","10200","s_cmh8_3617",",,138.226.244.74,,,"
"25661561","04/13 (18:17:12)","134657296","3400","3402","0","3400","(6800 to 10200)","s_cmh8_3656","completed","0","10200","s_cmh8_3656",",,5.135.75.177,,,"
"25661318","04/13 (18:11:14)","134656972","2744","2748","0","2744","(370176 to 372920)","s_cmh8_3583","completed","364690","16500","s_cmh8_3583",",,142.147.96.125,,,"
"25661318","04/13 (18:11:14)","134656973","2743","2743","0","2743","(367433 to 370176)","s_cmh8_3617","completed","364690","16500","s_cmh8_3617",",,138.226.244.76,,,"
"25661318","04/13 (18:11:14)","134656974","2743","2745","0","2743","(364690 to 367433)","s_cmh8_3656","completed","364690","16500","s_cmh8_3656",",,5.135.75.179,,,"
"25661081","04/13 (18:08:19)","134656682","72920","72743","0","72920","(300000 to 372920)","s_cmh9_5702","completed","300000","96000","s_cmh9_5702",",,89.116.64.219,,89.116.64.220,,89.116.64.240,,89.117.12.8,,89.117.12.9,,89.117.12.14,,89.117.12.18,,89.117.12.21,,89.117.12.26,,89.117.12.28,,89.117.12.45,,89.117.12.48,,,"
"25660880","04/13 (18:04:17)","134656384","17500","17504","0","17500","(0 to 17500)","s_cmh11_1341","completed","0","87500","s_cmh11_1341",",,192.227.72.165,,192.227.72.168,,,"
"25660880","04/13 (18:04:17)","134656385","35000","35008","0","35000","(52500 to 87500)","s_cmh11_1343","completed","0","87500","s_cmh11_1343",",,51.254.12.38,,51.254.12.39,,51.254.12.40,,51.254.12.41,,,"
"25660880","04/13 (18:04:17)","134656386","35000","35005","0","35000","(17500 to 52500)","s_cmh11_1372","completed","0","87500","s_cmh11_1372",",,135.125.140.36,,135.125.140.51,,135.125.140.52,,217.182.198.9,,,"
"25660631","04/13 (17:59:14)","134656064","5300","0","0","5300","(359390 to 364690)","s_cmh8_3656","completed","359390","5300","s_cmh8_3656",",,5.135.75.181,,,"
"25660532","04/13 (17:57:19)","134655933","112000","111995","0","112000","(188000 to 300000)","s_cmh9_5687","completed","84000","216000","s_cmh9_5687",",,91.223.3.150,,91.223.3.186,,91.223.3.187,,91.223.3.189,,91.223.3.194,,91.223.3.195,,91.223.3.196,,91.223.3.197,,91.223.3.198,,91.223.3.199,,91.223.3.200,,91.223.3.204,,91.223.3.208,,91.223.3.209,,,"
"25660532","04/13 (17:57:19)","134655934","104000","104000","0","104000","(84000 to 188000)","s_cmh9_5689","completed","84000","216000","s_cmh9_5689",",,23.231.25.47,,23.231.25.49,,23.231.25.51,,23.231.25.52,,23.231.25.53,,23.231.25.54,,23.231.25.55,,23.231.25.56,,23.231.25.57,,23.231.25.58,,23.231.25.59,,23.231.25.61,,23.231.25.62,,,"
"25660376","04/13 (17:53:12)","134655716","3530","106","0","3530","(355860 to 359390)","s_cmh8_3617","completed","355860","3530","s_cmh8_3617",",,138.226.244.75,,,"
"25660172","04/13 (17:47:13)","134655439","4050","4052","0","4050","(347760 to 351810)","s_cmh8_3617","completed","347760","8100","s_cmh8_3617",",,138.226.244.77,,,"
"25660172","04/13 (17:47:13)","134655440","4050","2256","0","4050","(351810 to 355860)","s_cmh8_3656","completed","347760","8100","s_cmh8_3656",",,5.135.75.180,,,"
"25659994","04/13 (17:43:18)","134655189","84000","84005","0","84000","(0 to 84000)","s_cmh9_5702","completed","0","84000","s_cmh9_5702",",,89.116.64.219,,89.116.64.220,,89.116.64.240,,89.117.12.8,,89.117.12.9,,89.117.12.14,,89.117.12.18,,89.117.12.21,,89.117.12.26,,89.117.12.28,,89.117.12.45,,89.117.12.48,,,"
"25659921","04/13 (17:41:12)","134655093","3380","3382","0","3380","(341000 to 344380)","s_cmh8_3583","completed","337620","10140","s_cmh8_3583",",,142.147.96.123,,,"
"25659921","04/13 (17:41:12)","134655094","3380","3382","0","3380","(344380 to 347760)","s_cmh8_3617","completed","337620","10140","s_cmh8_3617",",,138.226.244.74,,,"
"25659921","04/13 (17:41:12)","134655095","3380","3382","0","3380","(337620 to 341000)","s_cmh8_3656","completed","337620","10140","s_cmh8_3656",",,5.135.75.177,,,"
"25659866","04/13 (17:39:18)","134655023","5284","5288","0","5284","(367636 to 372920)","s_cmh11_1341","completed","346500","85000","s_cmh11_1341",",,192.227.72.165,,192.227.72.168,,,"
"25659866","04/13 (17:39:18)","134655024","10568","10576","0","10568","(346500 to 357068)","s_cmh11_1343","completed","346500","85000","s_cmh11_1343",",,51.254.12.38,,51.254.12.39,,51.254.12.40,,51.254.12.41,,,"
"25659866","04/13 (17:39:18)","134655025","10568","10575","0","10568","(357068 to 367636)","s_cmh11_1372","completed","346500","85000","s_cmh11_1372",",,135.125.140.36,,135.125.140.51,,135.125.140.52,,217.182.198.9,,,"
"25659698","04/13 (17:35:12)","134654788","5400","5404","0","5400","(332220 to 337620)","s_cmh8_3583","completed","321420","16200","s_cmh8_3583",",,142.147.96.125,,,"
"25659698","04/13 (17:35:12)","134654789","5400","5403","0","5400","(321420 to 326820)","s_cmh8_3617","completed","321420","16200","s_cmh8_3617",",,138.226.244.76,,,"
"25659698","04/13 (17:35:12)","134654790","5400","5404","0","5400","(326820 to 332220)","s_cmh8_3656","completed","321420","16200","s_cmh8_3656",",,5.135.75.179,,,"
"25659387","04/13 (17:32:19)","134654346","72035","72040","0","72035","(300885 to 372920)","s_cmh9_5687","completed","234000","189000","s_cmh9_5687",",,91.223.3.150,,91.223.3.186,,91.223.3.187,,91.223.3.189,,91.223.3.194,,91.223.3.195,,91.223.3.196,,91.223.3.197,,91.223.3.198,,91.223.3.199,,91.223.3.200,,91.223.3.204,,91.223.3.208,,91.223.3.209,,,"
"25659387","04/13 (17:32:19)","134654347","66885","66883","0","66885","(234000 to 300885)","s_cmh9_5689","completed","234000","189000","s_cmh9_5689",",,23.231.25.47,,23.231.25.49,,23.231.25.51,,23.231.25.52,,23.231.25.53,,23.231.25.54,,23.231.25.55,,23.231.25.56,,23.231.25.57,,23.231.25.58,,23.231.25.59,,23.231.25.61,,23.231.25.62,,,"
"25659064","04/13 (17:23:12)","134653866","5200","14","0","5200","(311020 to 316220)","s_cmh8_3583","completed","305820","15600","s_cmh8_3583",",,142.147.96.126,,,"
"25659064","04/13 (17:23:12)","134653867","5200","5204","0","5200","(305820 to 311020)","s_cmh8_3617","completed","305820","15600","s_cmh8_3617",",,138.226.244.75,,,"
"25659064","04/13 (17:23:12)","134653868","5200","0","0","5200","(316220 to 321420)","s_cmh8_3656","completed","305820","15600","s_cmh8_3656",",,5.135.75.181,,,"
"25658978","04/13 (17:19:19)","134653754","72000","71608","0","72000","(234000 to 306000)","s_cmh9_5702","completed","234000","72000","s_cmh9_5702",",,89.116.64.219,,89.116.64.220,,89.116.64.240,,89.117.12.8,,89.117.12.9,,89.117.12.14,,89.117.12.18,,89.117.12.21,,89.117.12.26,,89.117.12.28,,89.117.12.45,,89.117.12.48,,,"
"25658975","04/13 (17:19:18)","134653750","3480","3484","0","3480","(302340 to 305820)","s_cmh8_3617","completed","298860","6960","s_cmh8_3617",",,138.226.244.75,,,"
"25658975","04/13 (17:19:18)","134653751","3480","422","0","3480","(298860 to 302340)","s_cmh8_3656","completed","298860","6960","s_cmh8_3656",",,5.135.75.178,,,"
"25658803","04/13 (17:14:18)","134653518","16500","16500","0","16500","(288750 to 305250)","s_cmh11_1341","completed","255750","90750","s_cmh11_1341",",,192.227.72.165,,192.227.72.168,,,"
"25658803","04/13 (17:14:18)","134653519","33000","33006","0","33000","(305250 to 338250)","s_cmh11_1343","completed","255750","90750","s_cmh11_1343",",,51.254.12.38,,51.254.12.39,,51.254.12.40,,51.254.12.41,,,"
"25658803","04/13 (17:14:18)","134653520","33000","33007","0","33000","(255750 to 288750)","s_cmh11_1372","completed","255750","90750","s_cmh11_1372",",,135.125.140.36,,135.125.140.51,,135.125.140.52,,217.182.198.9,,,"
"25658803","04/13 (17:14:18)","134653521","8250","8252","0","8250","(338250 to 346500)","s_cmh11_1388","completed","255750","90750","s_cmh11_1388",",,69.162.64.213,,,"
"25658774","04/13 (17:13:17)","134653479","4000","1847","0","4000","(286860 to 290860)","s_cmh8_3583","completed","286860","12000","s_cmh8_3583",",,142.147.96.126,,,"
"25658774","04/13 (17:13:17)","134653480","4000","4002","0","4000","(290860 to 294860)","s_cmh8_3617","completed","286860","12000","s_cmh8_3617",",,138.226.244.77,,,"
"25658774","04/13 (17:13:17)","134653481","4000","1388","0","4000","(294860 to 298860)","s_cmh8_3656","completed","286860","12000","s_cmh8_3656",",,5.135.75.180,,,"
"25658432","04/13 (17:07:17)","134653024","3360","3362","0","3360","(283500 to 286860)","s_cmh8_3583","completed","276780","10080","s_cmh8_3583",",,142.147.96.123,,,"
"25658432","04/13 (17:07:17)","134653025","3360","3361","0","3360","(280140 to 283500)","s_cmh8_3617","completed","276780","10080","s_cmh8_3617",",,138.226.244.74,,,"
"25658432","04/13 (17:07:17)","134653026","3360","3361","0","3360","(276780 to 280140)","s_cmh8_3656","completed","276780","10080","s_cmh8_3656",",,5.135.75.177,,,"
"25658335","04/13 (17:05:18)","134652868","84000","84005","0","84000","(78000 to 162000)","s_cmh9_5687","completed","0","162000","s_cmh9_5687",",,91.223.3.150,,91.223.3.186,,91.223.3.187,,91.223.3.189,,91.223.3.194,,91.223.3.195,,91.223.3.196,,91.223.3.197,,91.223.3.198,,91.223.3.199,,91.223.3.200,,91.223.3.204,,91.223.3.208,,91.223.3.209,,,"
"25658335","04/13 (17:05:18)","134652869","78000","78003","0","78000","(0 to 78000)","s_cmh9_5689","completed","0","162000","s_cmh9_5689",",,23.231.25.47,,23.231.25.49,,23.231.25.51,,23.231.25.52,,23.231.25.53,,23.231.25.54,,23.231.25.55,,23.231.25.56,,23.231.25.57,,23.231.25.58,,23.231.25.59,,23.231.25.61,,23.231.25.62,,,"
"25658029","04/13 (17:01:17)","134652462","5300","5304","0","5300","(266180 to 271480)","s_cmh8_3583","completed","260880","15900","s_cmh8_3583",",,142.147.96.125,,,"
"25658029","04/13 (17:01:17)","134652463","5300","5304","0","5300","(271480 to 276780)","s_cmh8_3617","completed","260880","15900","s_cmh8_3617",",,138.226.244.76,,,"
"25658029","04/13 (17:01:17)","134652464","5300","5304","0","5300","(260880 to 266180)","s_cmh8_3656","completed","260880","15900","s_cmh8_3656",",,5.135.75.179,,,"
"25657658","04/13 (16:49:19)","134651968","5100","5103","0","5100","(245580 to 250680)","s_cmh8_3583","completed","245580","15300","s_cmh8_3583",",,142.147.96.126,,,"
"25657658","04/13 (16:49:19)","134651969","5100","5104","0","5100","(250680 to 255780)","s_cmh8_3617","completed","245580","15300","s_cmh8_3617",",,138.226.244.75,,,"
"25657658","04/13 (16:49:19)","134651970","5100","0","0","5100","(255780 to 260880)","s_cmh8_3656","completed","245580","15300","s_cmh8_3656",",,5.135.75.181,,,"
"25657657","04/13 (16:49:18)","134651964","16000","16000","0","16000","(199750 to 215750)","s_cmh11_1341","completed","167750","88000","s_cmh11_1341",",,192.227.72.165,,192.227.72.168,,,"
"25657657","04/13 (16:49:18)","134651965","32000","32007","0","32000","(215750 to 247750)","s_cmh11_1343","completed","167750","88000","s_cmh11_1343",",,51.254.12.38,,51.254.12.39,,51.254.12.40,,51.254.12.41,,,"
"25657657","04/13 (16:49:18)","134651966","32000","32004","0","32000","(167750 to 199750)","s_cmh11_1372","completed","167750","88000","s_cmh11_1372",",,135.125.140.36,,135.125.140.51,,135.125.140.52,,217.182.198.9,,,"
"25657657","04/13 (16:49:18)","134651967","8000","8000","0","8000","(247750 to 255750)","s_cmh11_1388","completed","167750","88000","s_cmh11_1388",",,69.162.64.213,,,"
"25657438","04/13 (16:43:17)","134651681","3430","3274","0","3430","(235290 to 238720)","s_cmh8_3583","completed","235290","10290","s_cmh8_3583",",,142.147.96.124,,,"
"25657438","04/13 (16:43:17)","134651682","3430","3434","0","3430","(238720 to 242150)","s_cmh8_3617","completed","235290","10290","s_cmh8_3617",",,138.226.244.75,,,"
"25657438","04/13 (16:43:17)","134651683","3430","2999","0","3430","(242150 to 245580)","s_cmh8_3656","completed","235290","10290","s_cmh8_3656",",,5.135.75.178,,,"
"25657345","04/13 (16:40:13)","134651531","70000","70002","0","70000","(257000 to 327000)","s_cmh9_5687","completed","192000","135000","s_cmh9_5687",",,91.223.3.150,,91.223.3.186,,91.223.3.187,,91.223.3.189,,91.223.3.194,,91.223.3.195,,91.223.3.196,,91.223.3.197,,91.223.3.198,,91.223.3.199,,91.223.3.200,,91.223.3.204,,91.223.3.208,,91.223.3.209,,,"
"25657345","04/13 (16:40:13)","134651532","65000","65000","0","65000","(192000 to 257000)","s_cmh9_5689","completed","192000","135000","s_cmh9_5689",",,23.231.25.47,,23.231.25.49,,23.231.25.51,,23.231.25.52,,23.231.25.53,,23.231.25.54,,23.231.25.55,,23.231.25.56,,23.231.25.57,,23.231.25.58,,23.231.25.59,,23.231.25.61,,23.231.25.62,,,"
"25657116","04/13 (16:35:19)","134651226","3950","3951","0","3950","(223440 to 227390)","s_cmh8_3583","completed","223440","11850","s_cmh8_3583",",,142.147.96.126,,,"
"25657116","04/13 (16:35:19)","134651227","3950","3952","0","3950","(231340 to 235290)","s_cmh8_3617","completed","223440","11850","s_cmh8_3617",",,138.226.244.77,,,"
"25657116","04/13 (16:35:19)","134651228","3950","3952","0","3950","(227390 to 231340)","s_cmh8_3656","completed","223440","11850","s_cmh8_3656",",,5.135.75.180,,,"
"25656775","04/13 (16:31:18)","134650744","3340","3342","0","3340","(216760 to 220100)","s_cmh8_3583","completed","213420","10020","s_cmh8_3583",",,142.147.96.123,,,"
"25656775","04/13 (16:31:18)","134650745","3340","3342","0","3340","(220100 to 223440)","s_cmh8_3617","completed","213420","10020","s_cmh8_3617",",,138.226.244.74,,,"
"25656775","04/13 (16:31:18)","134650746","3340","3342","0","3340","(213420 to 216760)","s_cmh8_3656","completed","213420","10020","s_cmh8_3656",",,5.135.75.177,,,"
"25656628","04/13 (16:25:18)","134650512","5200","5201","0","5200","(203020 to 208220)","s_cmh8_3583","completed","197820","15600","s_cmh8_3583",",,142.147.96.125,,,"
"25656628","04/13 (16:25:18)","134650513","5200","5204","0","5200","(208220 to 213420)","s_cmh8_3617","completed","197820","15600","s_cmh8_3617",",,138.226.244.76,,,"
"25656628","04/13 (16:25:18)","134650514","5200","5203","0","5200","(197820 to 203020)","s_cmh8_3656","completed","197820","15600","s_cmh8_3656",",,5.135.75.179,,,"
"25656609","04/13 (16:24:18)","134650484","15500","15503","0","15500","(152250 to 167750)","s_cmh11_1341","completed","82500","85250","s_cmh11_1341",",,192.227.72.165,,192.227.72.168,,,"
"25656609","04/13 (16:24:18)","134650485","31000","31006","0","31000","(121250 to 152250)","s_cmh11_1343","completed","82500","85250","s_cmh11_1343",",,51.254.12.38,,51.254.12.39,,51.254.12.40,,51.254.12.41,,,"
"25656609","04/13 (16:24:18)","134650486","31000","31008","0","31000","(82500 to 113500)","s_cmh11_1372","completed","82500","85250","s_cmh11_1372",",,135.125.140.36,,135.125.140.51,,135.125.140.52,,217.182.198.9,,,"
"25656609","04/13 (16:24:18)","134650487","7750","7752","0","7750","(113500 to 121250)","s_cmh11_1388","completed","82500","85250","s_cmh11_1388",",,69.162.64.213,,,"
"25656376","04/13 (16:17:21)","134650177","56000","56005","0","56000","(36000 to 92000)","s_cmh9_5687","completed","36000","108000","s_cmh9_5687",",,91.223.3.150,,91.223.3.186,,91.223.3.187,,91.223.3.189,,91.223.3.194,,91.223.3.195,,91.223.3.196,,91.223.3.197,,91.223.3.198,,91.223.3.199,,91.223.3.200,,91.223.3.204,,91.223.3.208,,91.223.3.209,,,"
"25656376","04/13 (16:17:21)","134650178","52000","52004","0","52000","(92000 to 144000)","s_cmh9_5689","completed","36000","108000","s_cmh9_5689",",,23.231.25.47,,23.231.25.49,,23.231.25.51,,23.231.25.52,,23.231.25.53,,23.231.25.54,,23.231.25.55,,23.231.25.56,,23.231.25.57,,23.231.25.58,,23.231.25.59,,23.231.25.61,,23.231.25.62,,,"
"25656275","04/13 (16:13:17)","134650028","5000","5004","0","5000","(192820 to 197820)","s_cmh8_3583","completed","182820","15000","s_cmh8_3583",",,142.147.96.126,,,"
"25656275","04/13 (16:13:17)","134650029","5000","5002","0","5000","(182820 to 187820)","s_cmh8_3617","completed","182820","15000","s_cmh8_3617",",,138.226.244.75,,,"
"25656275","04/13 (16:13:17)","134650030","5000","0","0","5000","(187820 to 192820)","s_cmh8_3656","completed","182820","15000","s_cmh8_3656",",,5.135.75.181,,,"
"25655902","04/13 (16:07:17)","134649531","3380","3384","0","3380","(176060 to 179440)","s_cmh8_3583","completed","172680","10140","s_cmh8_3583",",,142.147.96.124,,,"
"25655902","04/13 (16:07:17)","134649532","3380","3384","0","3380","(172680 to 176060)","s_cmh8_3617","completed","172680","10140","s_cmh8_3617",",,138.226.244.75,,,"
"25655902","04/13 (16:07:17)","134649533","3380","3384","0","3380","(179440 to 182820)","s_cmh8_3656","completed","172680","10140","s_cmh8_3656",",,5.135.75.178,,,"
"25655554","04/13 (16:01:17)","134649059","3900","3902","0","3900","(164880 to 168780)","s_cmh8_3583","completed","160980","11700","s_cmh8_3583",",,142.147.96.126,,,"
"25655554","04/13 (16:01:17)","134649060","3900","3902","0","3900","(168780 to 172680)","s_cmh8_3617","completed","160980","11700","s_cmh8_3617",",,138.226.244.77,,,"
"25655554","04/13 (16:01:17)","134649061","3900","3902","0","3900","(160980 to 164880)","s_cmh8_3656","completed","160980","11700","s_cmh8_3656",",,5.135.75.180,,,"
"25655364","04/13 (15:57:23)","134648834","15000","15004","0","15000","(60000 to 75000)","s_cmh11_1341","completed","0","82500","s_cmh11_1341",",,192.227.72.165,,192.227.72.168,,,"
"25655364","04/13 (15:57:23)","134648835","30000","30008","0","30000","(0 to 30000)","s_cmh11_1343","completed","0","82500","s_cmh11_1343",",,51.254.12.38,,51.254.12.39,,51.254.12.40,,51.254.12.41,,,"
"25655364","04/13 (15:57:23)","134648836","30000","30005","0","30000","(30000 to 60000)","s_cmh11_1372","completed","0","82500","s_cmh11_1372",",,135.125.140.36,,135.125.140.51,,135.125.140.52,,217.182.198.9,,,"
"25655364","04/13 (15:57:23)","134648837","7500","7502","0","7500","(75000 to 82500)","s_cmh11_1388","completed","0","82500","s_cmh11_1388",",,69.162.64.213,,,"
"25655297","04/13 (15:53:18)","134648745","3320","3322","0","3320","(151020 to 154340)","s_cmh8_3583","completed","151020","9960","s_cmh8_3583",",,142.147.96.123,,,"
"25655297","04/13 (15:53:18)","134648746","3320","3322","0","3320","(154340 to 157660)","s_cmh8_3617","completed","151020","9960","s_cmh8_3617",",,138.226.244.74,,,"
"25655297","04/13 (15:53:18)","134648747","3320","3322","0","3320","(157660 to 160980)","s_cmh8_3656","completed","151020","9960","s_cmh8_3656",",,5.135.75.177,,,"
"25655234","04/13 (15:50:57)","134648666","42000","42001","0","42000","(0 to 42000)","s_cmh9_5687","completed","0","81000","s_cmh9_5687",",,91.223.3.150,,91.223.3.186,,91.223.3.187,,91.223.3.189,,91.223.3.194,,91.223.3.195,,91.223.3.196,,91.223.3.197,,91.223.3.198,,91.223.3.199,,91.223.3.200,,91.223.3.204,,91.223.3.208,,91.223.3.209,,,"
"25655234","04/13 (15:50:57)","134648667","39000","39001","0","39000","(42000 to 81000)","s_cmh9_5689","completed","0","81000","s_cmh9_5689",",,23.231.25.47,,23.231.25.49,,23.231.25.51,,23.231.25.52,,23.231.25.53,,23.231.25.54,,23.231.25.55,,23.231.25.56,,23.231.25.57,,23.231.25.58,,23.231.25.59,,23.231.25.61,,23.231.25.62,,,"
"25655162","04/13 (15:49:19)","134648563","5100","5104","0","5100","(140820 to 145920)","s_cmh8_3583","completed","135720","15300","s_cmh8_3583",",,142.147.96.125,,,"
"25655162","04/13 (15:49:19)","134648564","5100","5103","0","5100","(145920 to 151020)","s_cmh8_3617","completed","135720","15300","s_cmh8_3617",",,138.226.244.76,,,"
"25655162","04/13 (15:49:19)","134648565","5100","5103","0","5100","(135720 to 140820)","s_cmh8_3656","completed","135720","15300","s_cmh8_3656",",,5.135.75.179,,,"
"25654714","04/13 (15:37:20)","134647935","4900","4903","0","4900","(125920 to 130820)","s_cmh8_3583","completed","121020","14700","s_cmh8_3583",",,142.147.96.126,,,"
"25654714","04/13 (15:37:20)","134647936","4900","4904","0","4900","(130820 to 135720)","s_cmh8_3617","completed","121020","14700","s_cmh8_3617",",,138.226.244.75,,,"
"25654714","04/13 (15:37:20)","134647937","4900","0","0","4900","(121020 to 125920)","s_cmh8_3656","completed","121020","14700","s_cmh8_3656",",,5.135.75.181,,,"
"25654180","04/13 (15:29:49)","134647152","3330","3334","0","3330","(117690 to 121020)","s_cmh8_3583","completed","111030","9990","s_cmh8_3583",",,142.147.96.124,,,"
"25654180","04/13 (15:29:49)","134647153","3330","3334","0","3330","(111030 to 114360)","s_cmh8_3617","completed","111030","9990","s_cmh8_3617",",,138.226.244.75,,,"
"25654180","04/13 (15:29:49)","134647154","3330","3334","0","3330","(114360 to 117690)","s_cmh8_3656","completed","111030","9990","s_cmh8_3656",",,5.135.75.178,,,"
"25654003","04/13 (15:25:18)","134646901","3850","3852","0","3850","(107180 to 111030)","s_cmh8_3583","completed","99480","11550","s_cmh8_3583",",,142.147.96.126,,,"
"25654003","04/13 (15:25:18)","134646902","3850","3852","0","3850","(103330 to 107180)","s_cmh8_3617","completed","99480","11550","s_cmh8_3617",",,138.226.244.77,,,"
"25654003","04/13 (15:25:18)","134646903","3850","3852","0","3850","(99480 to 103330)","s_cmh8_3656","completed","99480","11550","s_cmh8_3656",",,5.135.75.180,,,"
"25653706","04/13 (15:17:18)","134646467","3300","3302","0","3300","(89580 to 92880)","s_cmh8_3583","completed","89580","9900","s_cmh8_3583",",,142.147.96.123,,,"
"25653706","04/13 (15:17:18)","134646468","3300","3302","0","3300","(92880 to 96180)","s_cmh8_3617","completed","89580","9900","s_cmh8_3617",",,138.226.244.74,,,"
"25653706","04/13 (15:17:18)","134646469","3300","3302","0","3300","(96180 to 99480)","s_cmh8_3656","completed","89580","9900","s_cmh8_3656",",,5.135.75.177,,,"
"25653577","04/13 (15:13:18)","134646193","5000","5003","0","5000","(79580 to 84580)","s_cmh8_3583","completed","74580","15000","s_cmh8_3583",",,142.147.96.125,,,"
"25653577","04/13 (15:13:18)","134646194","5000","5004","0","5000","(74580 to 79580)","s_cmh8_3617","completed","74580","15000","s_cmh8_3617",",,138.226.244.76,,,"
"25653577","04/13 (15:13:18)","134646195","5000","5004","0","5000","(84580 to 89580)","s_cmh8_3656","completed","74580","15000","s_cmh8_3656",",,5.135.75.179,,,"
"25652856","04/13 (15:01:18)","134645097","4800","4804","0","4800","(60180 to 64980)","s_cmh8_3583","completed","60180","14400","s_cmh8_3583",",,142.147.96.126,,,"
"25652856","04/13 (15:01:18)","134645098","4800","4804","0","4800","(69780 to 74580)","s_cmh8_3617","completed","60180","14400","s_cmh8_3617",",,138.226.244.75,,,"
"25652856","04/13 (15:01:18)","134645099","4800","0","0","4800","(64980 to 69780)","s_cmh8_3656","completed","60180","14400","s_cmh8_3656",",,5.135.75.181,,,"
"25652707","04/13 (14:55:18)","134644873","3280","3284","0","3280","(53620 to 56900)","s_cmh8_3583","completed","50340","9840","s_cmh8_3583",",,142.147.96.124,,,"
"25652707","04/13 (14:55:18)","134644874","3280","3284","0","3280","(50340 to 53620)","s_cmh8_3617","completed","50340","9840","s_cmh8_3617",",,138.226.244.75,,,"
"25652707","04/13 (14:55:18)","134644875","3280","3284","0","3280","(56900 to 60180)","s_cmh8_3656","completed","50340","9840","s_cmh8_3656",",,5.135.75.178,,,"
"25652484","04/13 (14:49:18)","134644548","3800","3790","0","3800","(46540 to 50340)","s_cmh8_3583","completed","38940","11400","s_cmh8_3583",",,142.147.96.126,,,"
"25652484","04/13 (14:49:18)","134644549","3800","3801","0","3800","(38940 to 42740)","s_cmh8_3617","completed","38940","11400","s_cmh8_3617",",,138.226.244.77,,,"
"25652484","04/13 (14:49:18)","134644550","3800","3801","0","3800","(42740 to 46540)","s_cmh8_3656","completed","38940","11400","s_cmh8_3656",",,5.135.75.180,,,"
"25652225","04/13 (14:41:18)","134644099","3280","3282","0","3280","(32380 to 35660)","s_cmh8_3583","completed","29100","9840","s_cmh8_3583",",,142.147.96.123,,,"
"25652225","04/13 (14:41:18)","134644100","3280","3282","0","3280","(29100 to 32380)","s_cmh8_3617","completed","29100","9840","s_cmh8_3617",",,138.226.244.74,,,"
"25652225","04/13 (14:41:18)","134644101","3280","3282","0","3280","(35660 to 38940)","s_cmh8_3656","completed","29100","9840","s_cmh8_3656",",,5.135.75.177,,,"
"25648185","04/13 (12:44:32)","134638124","12800","12801","0","12800","(316870 to 329670)","s_cmh8_3583","completed","291270","38400","s_cmh8_3583",",,142.147.96.126,,,"
"25648185","04/13 (12:44:32)","134638125","12800","11168","0","12800","(304070 to 316870)","s_cmh8_3617","completed","291270","38400","s_cmh8_3617",",,138.226.244.77,,,"
"25648185","04/13 (12:44:32)","134638126","12800","1181","0","12800","(291270 to 304070)","s_cmh8_3656","completed","291270","38400","s_cmh8_3656",",,5.135.75.180,,,"
"25643163","04/13 (09:51:23)","134631054","230000","102999","0","230000","(0 to 230000)","s_cmh6_5940","completed","0","230000","s_cmh6_5940",",,198.12.123.236,,198.12.123.238,,198.12.123.240,,198.12.123.242,,198.12.123.244,,198.12.123.246,,198.12.123.248,,198.12.123.250,,198.12.123.252,,198.12.123.254,,,"
"25642941","04/13 (09:37:19)","134630432","222929","104624","0","222943","(150000 to 372943)","s_cmh6_5940","completed","150000","225000","s_cmh6_5940",",,198.12.123.227,,198.12.123.237,,198.12.123.239,,198.12.123.241,,198.12.123.243,,198.12.123.245,,198.12.123.247,,198.12.123.249,,198.12.123.251,,198.12.123.253,,,"
"25642729","04/13 (09:22:19)","134630019","45000","20124","0","45000","(150000 to 195000)","s_cmh6_5940","completed","150000","45000","s_cmh6_5940",",,198.12.123.237,,,"
"25642719","04/13 (09:21:13)","134629993","50000","6962","0","50000","(150000 to 200000)","s_cmh6_5940","completed","150000","50000","s_cmh6_5940",",,198.12.123.237,,,"
"25642550","04/13 (09:09:15)","134629749","150000","115085","0","150000","(0 to 150000)","s_cmh6_5940","completed","0","150000","s_cmh6_5940",",,198.12.123.236,,198.12.123.238,,198.12.123.240,,198.12.123.242,,198.12.123.244,,198.12.123.246,,198.12.123.248,,198.12.123.250,,198.12.123.252,,198.12.123.254,,,"
"25642285","04/13 (08:55:20)","134629398","102693","102433","0","102693","(270250 to 372943)","s_cmh6_5940","completed","270250","220000","s_cmh6_5940",",,198.12.123.227,,198.12.123.237,,198.12.123.239,,198.12.123.241,,198.12.123.243,,198.12.123.245,,198.12.123.247,,198.12.123.249,,198.12.123.251,,198.12.123.253,,,"
"25639592","04/13 (05:12:20)","134625508","162943","65170","0","162943","(210000 to 372943)","s_cmh6_5940","completed","210000","215000","s_cmh6_5940",",,198.12.123.227,,198.12.123.237,,198.12.123.239,,198.12.123.241,,198.12.123.243,,198.12.123.245,,198.12.123.247,,198.12.123.249,,198.12.123.251,,198.12.123.253,,,"
"25639137","04/13 (04:42:21)","134624785","210000","65686","0","210000","(0 to 210000)","s_cmh6_5940","completed","0","210000","s_cmh6_5940",",,198.12.123.227,,198.12.123.237,,198.12.123.239,,198.12.123.241,,198.12.123.243,,198.12.123.245,,198.12.123.247,,198.12.123.249,,198.12.123.251,,198.12.123.253,,,"
"25638599","04/13 (04:12:20)","134624016","172943","65940","0","172943","(200000 to 372943)","s_cmh6_5940","completed","200000","205000","s_cmh6_5940",",,198.12.123.227,,198.12.123.237,,198.12.123.239,,198.12.123.241,,198.12.123.243,,198.12.123.245,,198.12.123.247,,198.12.123.249,,198.12.123.251,,198.12.123.253,,,"
"25638111","04/13 (03:42:20)","134623329","200000","65110","0","200000","(0 to 200000)","s_cmh6_5940","completed","0","200000","s_cmh6_5940",",,198.12.123.227,,198.12.123.237,,198.12.123.239,,198.12.123.241,,198.12.123.243,,198.12.123.245,,198.12.123.247,,198.12.123.249,,198.12.123.251,,198.12.123.253,,,"
"25637504","04/13 (03:12:20)","134622412","182943","65343","0","182943","(190000 to 372943)","s_cmh6_5940","completed","190000","195000","s_cmh6_5940",",,198.12.123.227,,198.12.123.237,,198.12.123.239,,198.12.123.241,,198.12.123.243,,198.12.123.245,,198.12.123.247,,198.12.123.249,,198.12.123.251,,198.12.123.253,,,"
"25636995","04/13 (02:42:20)","134621709","190000","65694","0","190000","(0 to 190000)","s_cmh6_5940","completed","0","190000","s_cmh6_5940",",,198.12.123.227,,198.12.123.237,,198.12.123.239,,198.12.123.241,,198.12.123.243,,198.12.123.245,,198.12.123.247,,198.12.123.249,,198.12.123.251,,198.12.123.253,,,"
"25636363","04/13 (02:12:20)","134620830","17943","17952","0","17943","(355000 to 372943)","s_cmh6_5940","completed","355000","185000","s_cmh6_5940",",,198.12.123.227,,198.12.123.237,,198.12.123.239,,198.12.123.241,,198.12.123.243,,198.12.123.245,,198.12.123.247,,198.12.123.249,,198.12.123.251,,198.12.123.253,,,"
"25635827","04/13 (01:42:21)","134620027","180000","64305","0","180000","(175000 to 355000)","s_cmh6_5940","completed","175000","180000","s_cmh6_5940",",,198.12.123.227,,198.12.123.237,,198.12.123.239,,198.12.123.241,,198.12.123.243,,198.12.123.245,,198.12.123.247,,198.12.123.249,,198.12.123.251,,198.12.123.253,,,"
"25635086","04/13 (01:12:19)","134618991","175000","64750","0","175000","(0 to 175000)","s_cmh6_5940","completed","0","175000","s_cmh6_5940",",,198.12.123.227,,198.12.123.237,,198.12.123.239,,198.12.123.241,,198.12.123.243,,198.12.123.245,,198.12.123.247,,198.12.123.249,,198.12.123.251,,198.12.123.253,,,"
"25634522","04/13 (00:42:20)","134618226","57943","57869","0","57943","(315000 to 372943)","s_cmh6_5940","completed","315000","170000","s_cmh6_5940",",,198.12.123.227,,198.12.123.237,,198.12.123.239,,198.12.123.241,,198.12.123.243,,198.12.123.245,,198.12.123.247,,198.12.123.249,,198.12.123.251,,198.12.123.253,,,"
"25633990","04/13 (00:22:19)","134617447","150000","56100","0","150000","(165000 to 315000)","s_cmh6_5940","completed","165000","150000","s_cmh6_5940",",,198.12.123.236,,198.12.123.238,,198.12.123.240,,198.12.123.242,,198.12.123.244,,198.12.123.246,,198.12.123.248,,198.12.123.250,,198.12.123.252,,198.12.123.254,,,"
"25633744","04/13 (00:12:19)","134617103","165000","66249","0","165000","(0 to 165000)","s_cmh6_5940","completed","0","165000","s_cmh6_5940",",,198.12.123.227,,198.12.123.237,,198.12.123.239,,198.12.123.241,,198.12.123.243,,198.12.123.245,,198.12.123.247,,198.12.123.249,,198.12.123.251,,198.12.123.253,,,"
